timestamp,cash,qty,price,equity,allocation_pct
2022-01-01 00:00:00+00:00,10000,0,47722.65,10000.00,0
2022-01-02 00:00:00+00:00,3992.220875943492,0.125726,47286.18,9937.323142623492,0.5982599319106442839003703774
2022-01-03 00:00:00+00:00,3974.938982951082,0.126091,46446.1,9831.374178051082,0.5956883635020946557055745499
2022-01-04 00:00:00+00:00,3932.525073254922,0.127003,45832.01,9753.327839284922,0.5968017134197715818428577936
2022-01-05 00:00:00+00:00,3901.318790958082,0.127683,43451.13,9449.289422748082,0.5871309876945769220681052717
2022-01-06 00:00:00+00:00,3779.584452061446,0.130481,43082.31,9401.007343171446,0.5979596319742479125661228720
2022-01-07 00:00:00+00:00,3760.387905450896,0.130926,41566.48,9202.520865930896,0.5913741506012322601457003373
2022-01-08 00:00:00+00:00,3680.934339597480,0.132835,41679.74,9217.462602497480,0.6006564389423042038565335863
2022-01-09 00:00:00+00:00,3687.011670822828,0.132689,41864.62,9241.986234002828,0.6010585195141614194387485334
2022-01-10 00:00:00+00:00,3696.795256685424,0.132455,41822.49,9236.393169635424,0.5997576988343662359286766811
2022-01-11 00:00:00+00:00,3696.795256685424,0.132455,42729.29,9356.503363635424,0.6048956417786128883923820895
2022-01-12 00:00:00+00:00,3742.584181768803,0.131382,43902.66,9510.603457888803,0.6064829957068155463909165929
2022-01-13 00:00:00+00:00,3804.187216828578,0.129977,42560.11,9336.022634298578,0.5925259218146283679325141502
2022-01-14 00:00:00+00:00,3734.258174750523,0.131618,43059.96,9401.723990030523,0.6028113377173924449082717680
2022-01-15 00:00:00+00:00,3760.662619730451,0.131004,43084.29,9404.876946890451,0.6001369671323722428935660849
2022-01-16 00:00:00+00:00,3760.662619730451,0.131004,43071.66,9403.222366370451,0.6000666076790834369936323871
2022-01-17 00:00:00+00:00,3760.662619730451,0.131004,42201.62,9289.243646210451,0.5951594378445855333468953916
2022-01-18 00:00:00+00:00,3715.659455623716,0.132069,42352.12,9309.061591903716,0.6008556373871989291904331684
2022-01-19 00:00:00+00:00,3723.653600387832,0.131880,41660.01,9217.775719187832,0.5960355606573687615419627364
2022-01-20 00:00:00+00:00,3687.070283821832,0.132757,40680.91,9087.745852691832,0.5942810963700415464189107274
2022-01-21 00:00:00+00:00,3635.053214586540,0.134034,36445.31,8519.963895126540,0.5733487536648121498537470822
2022-01-22 00:00:00+00:00,3407.703762720850,0.140264,35071.42,8326.961417600850,0.5907626333517140483888256995
2022-01-23 00:00:00+00:00,3330.692153549572,0.142457,36244.55,8493.982012899572,0.6078762412621849985965444397
2022-01-24 00:00:00+00:00,3397.512613178482,0.140611,36660.35,8552.361087028482,0.6027398073344272449107714859
2022-01-25 00:00:00+00:00,3420.944735767282,0.139971,36958.32,8594.037744487282,0.6019397589960928603476780214
2022-01-26 00:00:00+00:00,3437.628179698450,0.139519,36809.34,8573.230487158450,0.5990276728419285836515497867
2022-01-27 00:00:00+00:00,3429.188364223102,0.139748,37160.1,8622.238019023102,0.6022855833186998451444827130
2022-01-28 00:00:00+00:00,3448.894731009169,0.139217,37716.56,8699.681064529169,0.6035607851107097025532694698
2022-01-29 00:00:00+00:00,3479.857447622467,0.138395,38166.84,8761.957269422467,0.6028447365560095603202367442
2022-01-30 00:00:00+00:00,3504.786105003601,0.137741,37881.76,8722.657609163601,0.5981974460029655738876851780
2022-01-31 00:00:00+00:00,3489.044741549476,0.138156,38466.9,8803.477777949476,0.6036742717419397612643681015
2022-02-01 00:00:00+00:00,3521.353348587706,0.137315,38694.59,8834.700974437706,0.6014179360709119752573241312
2022-02-02 00:00:00+00:00,3533.874097586398,0.136991,36896.36,8588.343350346398,0.5885266862969719920338421840
2022-02-03 00:00:00+00:00,3435.232722386128,0.139661,37311.61,8646.209486596128,0.6026891636489225024373062162
2022-02-04 00:00:00+00:00,3458.485130427952,0.139037,41574.25,9238.844127677952,0.6256582444045203818264902087
2022-02-05 00:00:00+00:00,3695.094256474162,0.133338,41382.59,9212.966041894162,0.5989245765509779113688176123
2022-02-06 00:00:00+00:00,3685.190957500342,0.133577,42380.87,9346.300429490342,0.6057059169773234933594819974
2022-02-07 00:00:00+00:00,3738.479108060413,0.132318,43839.99,9539.298904880413,0.6080970786912060289769738854
2022-02-08 00:00:00+00:00,3815.624750559319,0.130556,44042.99,9565.701352999319,0.6011139581142231127948403331
2022-02-09 00:00:00+00:00,3826.269300631519,0.130314,44372.72,9608.655934711519,0.6017893317618937916748293769
2022-02-10 00:00:00+00:00,3843.463530516595,0.129926,43495.44,9494.652067956595,0.5951970116432321831859225632
2022-02-11 00:00:00+00:00,3843.463530516595,0.129926,42373.73,9348.912774496595,0.5888865771642038287577611963
2022-02-12 00:00:00+00:00,3843.463530516595,0.129926,42217.87,9328.662508136595,0.5879941495188329241191662389
2022-02-13 00:00:00+00:00,3731.356188947983,0.132578,42053.66,9306.746324427983,0.5990697437240697626509994311
2022-02-14 00:00:00+00:00,3722.723983400258,0.132783,42535.94,9370.773704420258,0.6027303506812651281460710514
2022-02-15 00:00:00+00:00,3748.297330653614,0.132181,44544.86,9636.281470313614,0.6110224320241213139868139632
2022-02-16 00:00:00+00:00,3854.398686596189,0.129796,43873.56,9549.011280356189,0.5963562537070942136690327398
2022-02-17 00:00:00+00:00,3819.561724263185,0.130589,40515.7,9110.466471563185,0.5807501475160118865631677100
2022-02-18 00:00:00+00:00,3819.561724263185,0.130589,39974.44,9039.783869423185,0.5774720082431677115345438877
2022-02-19 00:00:00+00:00,3819.561724263185,0.130589,40079.17,9053.460455393185,0.5781102990307031392534660368
2022-02-20 00:00:00+00:00,3621.152710941761,0.135533,38386.89,8823.843073311761,0.5896172811714939625836083668
2022-02-21 00:00:00+00:00,3529.442522946359,0.137919,37008.16,8633.570941986359,0.5911955149656387103351199031
2022-02-22 00:00:00+00:00,3453.365999388135,0.139972,38230.33,8804.541750148135,0.6077744762434646105189602139
2022-02-23 00:00:00+00:00,3521.747508740796,0.138181,37250.01,8668.991140550796,0.5937534770029725696409779374
2022-02-24 00:00:00+00:00,3467.552868118018,0.139634,38327.21,8819.334509258018,0.6068237501958923088651332454
2022-02-25 00:00:00+00:00,3527.765503440286,0.138061,39219.17,8942.403332810286,0.6055014102867990258375823799
2022-02-26 00:00:00+00:00,3576.921563180746,0.136806,39116.72,8928.323559500746,0.5993736630014380548220320047
2022-02-27 00:00:00+00:00,3571.359766572388,0.136948,37699.07,8734.172004932388,0.5911049422251406402608081233
2022-02-28 00:00:00+00:00,3493.598703636148,0.139008,43160.0,9493.183983636148,0.6319887290019628848504599044
2022-03-01 00:00:00+00:00,3796.920791640148,0.131971,44421.2,9659.230976840148,0.6069127241346654684907815456
2022-03-02 00:00:00+00:00,3863.643424109908,0.130467,43892.98,9590.228845769908,0.5971270877634898688503806024
2022-03-03 00:00:00+00:00,3836.086742203759,0.131094,42454.0,9401.551418203759,0.5919730083296535529085119047
2022-03-04 00:00:00+00:00,3760.547911218359,0.132871,39148.66,8962.269514078359,0.5804022736304558156183776547
2022-03-05 00:00:00+00:00,3584.698760221289,0.137357,39397.96,8996.284351941289,0.6015356318247372310803612700
2022-03-06 00:00:00+00:00,3598.509470397578,0.137006,38420.81,8862.390965257578,0.5939572645232549471167038541
2022-03-07 00:00:00+00:00,3544.919719770858,0.138399,37988.0,8802.420931770858,0.5972790045774718133721364106
2022-03-08 00:00:00+00:00,6158.321943331353,0.069514,38730.63,8850.642957151353,0.3041949637844778760570137775
2022-03-09 00:00:00+00:00,6195.416332024932,0.068555,41941.71,9070.730261074932,0.3169881416702230656893267356
2022-03-10 00:00:00+00:00,6349.351703053182,0.064880,39422.0,8907.051063053182,0.2871544512200500620364766508
2022-03-11 00:00:00+00:00,6234.800306558256,0.067782,38729.57,8859.968020298256,0.2962953938124517204547509642
2022-03-12 00:00:00+00:00,6201.953715638729,0.068629,38807.36,8865.264025078729,0.3004208675461696884452302149
2022-03-13 00:00:00+00:00,6201.953715638729,0.068629,37777.34,8794.574782498729,0.2947977737387981199954532324
2022-03-14 00:00:00+00:00,6156.145871906624,0.069840,39671.37,8926.794352706624,0.3103744044422769958793580215
2022-03-15 00:00:00+00:00,6248.658098412989,0.067505,39280.33,8900.276775062989,0.2979254177891826263862313625
2022-03-16 00:00:00+00:00,6230.172343031359,0.067975,41114.0,9024.896493031359,0.3096682773212930534705337558
2022-03-17 00:00:00+00:00,6317.343915705160,0.065852,40917.9,9011.869466505160,0.2989974012400945347635990542
2022-03-18 00:00:00+00:00,6308.330277388620,0.066072,41757.51,9067.332478108620,0.3042793685332588479270625709
2022-03-19 00:00:00+00:00,6347.114276859030,0.065142,42201.13,9096.180287319030,0.3022220232697529544816783286
2022-03-20 00:00:00+00:00,6367.302339485379,0.064663,41262.11,9035.434158415379,0.2952964707783264937012415247
2022-03-21 00:00:00+00:00,6324.788431970832,0.065692,41002.25,9018.308238970832,0.2986724045825455264411553551
2022-03-22 00:00:00+00:00,6312.841263155874,0.065983,42364.13,9108.153652945874,0.3069021995347986679877347599
2022-03-23 00:00:00+00:00,6375.627903196278,0.064499,42882.76,9141.523040436278,0.3025639299934421008416909342
2022-03-24 00:00:00+00:00,6399.054278985642,0.063952,43991.46,9212.396128905642,0.3053865477074531978007803130
2022-03-25 00:00:00+00:00,6448.656071059800,0.062823,44313.16,9232.541721739800,0.3015297124652905014170775484
2022-03-26 00:00:00+00:00,6462.773592432348,0.062504,44511.27,9244.906012512348,0.3009367987424181541844667424
2022-03-27 00:00:00+00:00,6471.442006475403,0.062309,46827.76,9389.232904315403,0.3107592417373040811384189603
2022-03-28 00:00:00+00:00,6572.364941957499,0.060151,47122.21,9406.812995667499,0.3013186352291114204618248984
2022-03-29 00:00:00+00:00,6584.789033055027,0.059887,47434.8,9425.516900655027,0.3013869581415299785807426692
2022-03-30 00:00:00+00:00,6597.864015492375,0.059611,47067.99,9403.633967382375,0.2983708172417330818845548450
2022-03-31 00:00:00+00:00,6582.547032516600,0.059936,45510.34,9310.254770756600,0.2929788502466868800737830622
2022-04-01 00:00:00+00:00,6517.109211195220,0.061372,46283.49,9357.619559475220,0.3035505269503922048240468136
2022-04-02 00:00:00+00:00,6550.297556005654,0.060654,45811.0,9328.917950005654,0.2978502339596968965492071751
2022-04-03 00:00:00+00:00,6530.252128152235,0.061091,46407.35,9365.323547002235,0.3027200720425172749922277697
2022-04-04 00:00:00+00:00,6555.696647859403,0.060542,46580.51,9375.773884279403,0.3007834095859003987271788893
2022-04-05 00:00:00+00:00,6563.046799224703,0.060384,45497.55,9310.370858424703,0.2950821294851021641614277204
2022-04-06 00:00:00+00:00,6517.216772301891,0.061390,43170.47,9167.451925601891,0.2890917972417944530498684993
2022-04-07 00:00:00+00:00,6517.216772301891,0.061390,43444.19,9184.255596401891,0.2903924870236477108816712420
2022-04-08 00:00:00+00:00,6517.216772301891,0.061390,42252.01,9111.067666201891,0.2846923092802901355366899044
2022-04-09 00:00:00+00:00,6377.603845136091,0.064690,42753.97,9143.358164436091,0.3024878025731999304504168026
2022-04-10 00:00:00+00:00,6400.362081597207,0.064157,42158.85,9105.147421047207,0.2970611253583542209245035981
2022-04-11 00:00:00+00:00,6373.598623373037,0.064791,39530.45,8934.816009323037,0.2866558621103665471430138682
2022-04-12 00:00:00+00:00,6254.219795184677,0.067807,40074.94,8971.581251764677,0.3028854535587586643625715853
2022-04-13 00:00:00+00:00,6280.074557941667,0.067161,41147.79,9043.601282131667,0.3055781251270079428739351012
2022-04-14 00:00:00+00:00,6330.456154889903,0.065935,39942.38,8964.056980189903,0.2937956364088403337278933711
2022-04-15 00:00:00+00:00,6274.784096137151,0.067327,40551.9,9005.021867437151,0.3031905764907411230716666096
2022-04-16 00:00:00+00:00,6303.498016550921,0.066618,40378.71,8993.446919330921,0.2991009928571549509072848764
2022-04-17 00:00:00+00:00,6295.411778088921,0.066818,39678.12,8946.624400248921,0.2963366408995816999996820280
2022-04-18 00:00:00+00:00,6262.595052874403,0.067644,40801.13,9022.546690594403,0.3058949687228689877698178479
2022-04-19 00:00:00+00:00,6315.730560318827,0.066340,41493.18,9068.388121518827,0.3035443040498104215805155224
2022-04-20 00:00:00+00:00,6347.845978179902,0.065565,41358.19,9059.495705529902,0.2993157473097330627708573797
2022-04-21 00:00:00+00:00,6341.675596788499,0.065714,40480.01,9001.778973928499,0.2955086305545107869245133141
2022-04-22 00:00:00+00:00,6301.224028043525,0.066712,39709.18,8950.302844203525,0.2959764448502008022178900567
2022-04-23 00:00:00+00:00,6265.200732419543,0.067618,39441.6,8932.162841219543,0.2985796560372458761104907322
2022-04-24 00:00:00+00:00,6252.523516625690,0.067939,39450.13,8932.725898695690,0.3000430565614186324807776691
2022-04-25 00:00:00+00:00,6252.523516625690,0.067939,40426.08,8999.030965745690,0.3052003554132025533009074370
2022-04-26 00:00:00+00:00,6299.276059844858,0.066781,38112.65,8844.476939494858,0.2877729115087009525365248130
2022-04-27 00:00:00+00:00,6191.009936937274,0.069618,39235.72,8922.522291897274,0.3061367924449505211884204713
2022-04-28 00:00:00+00:00,6245.711797072618,0.068222,39742.07,8956.995296612618,0.3027001142409174780272160608
2022-04-29 00:00:00+00:00,6269.883247823716,0.067613,38596.11,8879.482033253716,0.2938908796320591847278162595
2022-04-30 00:00:00+00:00,6215.585217478801,0.069018,37630.8,8812.787771878801,0.2947083966650772494022349750
2022-05-01 00:00:00+00:00,6168.900044349241,0.070257,38468.35,8871.570910299241,0.3046440019785445218522114432
2022-05-02 00:00:00+00:00,6210.046087715536,0.069186,38525.16,8875.447807475536,0.3003118014524301880314710253
2022-05-03 00:00:00+00:00,6210.046087715536,0.069186,37728.95,8820.361222415536,0.2959419766240754368508036359
2022-05-04 00:00:00+00:00,6174.232545957556,0.070134,39690.0,8957.851005957556,0.3107462334603145232457095402
2022-05-05 00:00:00+00:00,6270.395311635556,0.067708,36552.97,8745.323804395556,0.2830002122409757679964812186
2022-05-06 00:00:00+00:00,6121.541123437869,0.071775,36013.77,8706.429465187869,0.2968941920549083303269874279
2022-05-07 00:00:00+00:00,6094.495682512119,0.072525,35472.39,8667.130767262119,0.2968266146932355502769148182
2022-05-08 00:00:00+00:00,6066.968834069119,0.073300,34038.4,8561.983554069119,0.2914061565575226632658982320
2022-05-09 00:00:00+00:00,5993.316249230092,0.075461,30076.31,8262.904678140092,0.2746719848910159062944290932
2022-05-10 00:00:00+00:00,5783.667270144054,0.082423,31017.1,8340.189703444054,0.3065304896175553945866123253
2022-05-11 00:00:00+00:00,5838.093486233103,0.080666,29103.94,8185.791910273103,0.2868016252763104523789640026
2022-05-12 00:00:00+00:00,5729.919216980239,0.084378,29029.75,8179.391462480239,0.2994687632614231051948271979
2022-05-13 00:00:00+00:00,5729.919216980239,0.084378,29287.05,8201.101921880239,0.3013232524652541166209507448
2022-05-14 00:00:00+00:00,5740.770587386024,0.084007,30086.74,8268.267354566024,0.3056863861307325318228622738
2022-05-15 00:00:00+00:00,5787.735028759018,0.082444,31328.89,8370.614035919018,0.3085650581996310091895775134
2022-05-16 00:00:00+00:00,5859.353632591045,0.080155,29874.01,8253.904904141045,0.2901113229870913531486073080
2022-05-17 00:00:00+00:00,5777.631736737129,0.082887,30444.93,8301.120649647129,0.3039937641452387014213188825
2022-05-18 00:00:00+00:00,5810.743164619728,0.081798,28715.32,8159.598909979728,0.2878641182334580685173443975
2022-05-19 00:00:00+00:00,5711.603993184536,0.085246,30319.23,8296.197073764536,0.3115394990740255330402685596
2022-05-20 00:00:00+00:00,5807.227617418748,0.082088,29201.01,8204.280126298748,0.2921709731968157941099776723
2022-05-21 00:00:00+00:00,5742.931119501461,0.084287,29445.06,8224.766891721461,0.3017515030995056634027985055
2022-05-22 00:00:00+00:00,5757.340447291871,0.083797,30293.94,8295.881737471871,0.3060001782225993887624683003
2022-05-23 00:00:00+00:00,5807.078924024675,0.082153,29109.15,8198.482923974675,0.2916885992354586276108023507
2022-05-24 00:00:00+00:00,5738.874986420795,0.084493,29654.58,8244.479414360795,0.3039129946246900424493418422
2022-05-25 00:00:00+00:00,5771.097226022843,0.083405,29542.15,8235.060246772843,0.2992040066392444796568287764
2022-05-26 00:00:00+00:00,5764.559925626021,0.083626,29201.35,8206.552020726021,0.2975661506723697982143169802
2022-05-27 00:00:00+00:00,5744.589475697356,0.084309,28629.8,8158.339283897356,0.2958628863308216086817676965
2022-05-28 00:00:00+00:00,5710.819715826322,0.085487,29031.33,8192.621023536322,0.3029312964166304609551374726
2022-05-29 00:00:00+00:00,5734.826407742710,0.084659,29468.1,8229.566285642710,0.3031435426010626772337700427
2022-05-30 00:00:00+00:00,5760.665764653370,0.083781,31734.22,8419.390450473370,0.3157858875247336265801067396
2022-05-31 00:00:00+00:00,5893.427639027059,0.079592,31801.04,8424.536014707059,0.3004448400791853712429807497
2022-06-01 00:00:00+00:00,5893.427639027059,0.079592,29805.83,8265.733260387059,0.2870048605039200340343686841
2022-06-02 00:00:00+00:00,5893.427639027059,0.079592,30452.62,8317.212570067059,0.2914179372742012056744065327
2022-06-03 00:00:00+00:00,5821.984371271342,0.081935,29700.21,8255.471077621342,0.2947726039458384502700723163
2022-06-04 00:00:00+00:00,5821.984371271342,0.081935,29864.04,8268.894488671342,0.2959174434686943355355630470
2022-06-05 00:00:00+00:00,5821.984371271342,0.081935,29919.21,8273.414842621342,0.2963021337599567015166626868
2022-06-06 00:00:00+00:00,5791.367198222222,0.082957,31373.1,8393.985454922222,0.3100575132845659253371016198
2022-06-07 00:00:00+00:00,5875.682457806492,0.080266,31125.33,8373.988195586492,0.2983412060571964144471907463
2022-06-08 00:00:00+00:00,5875.682457806492,0.080266,30204.77,8300.098526626492,0.2920948541806508322663561233
2022-06-09 00:00:00+00:00,5809.992411177920,0.082438,30109.93,8292.194820517920,0.2993420274205478420197500692
2022-06-10 00:00:00+00:00,5804.535428981391,0.082619,29091.88,8208.077462701391,0.2928264316025303826880318996
2022-06-11 00:00:00+00:00,5745.606067262478,0.084642,28424.7,8151.529524662478,0.2951499408940213092524414135
2022-06-12 00:00:00+00:00,5706.044356911508,0.086032,26574.53,7992.304321871508,0.2860576715908436253283663038
2022-06-13 00:00:00+00:00,5594.472497515931,0.090225,22487.41,7623.399064765931,0.2661446095124886660520084829
2022-06-14 00:00:00+00:00,5335.915969743047,0.101709,22136.41,7587.388094433047,0.2967387586700528371277761120
2022-06-15 00:00:00+00:00,5311.157444307565,0.102826,22583.72,7633.351037027565,0.3042167956714675932212491010
2022-06-16 00:00:00+00:00,5343.319963327429,0.101400,20401.31,7412.012797327429,0.2791000084006755342558774066
2022-06-17 00:00:00+00:00,5188.175981003329,0.108995,20468.81,7419.173926953329,0.3007070555179928859737702502
2022-06-18 00:00:00+00:00,5193.429626543908,0.108738,18970.79,7256.275389563908,0.2842843817624146352322406720
2022-06-19 00:00:00+00:00,5079.247964409611,0.114749,20574.0,7440.093890409611,0.3173139964057664192485395653
2022-06-20 00:00:00+00:00,5207.914867705211,0.108487,20573.89,7439.914472135211,0.3000033955752490592449481319
2022-06-21 00:00:00+00:00,5207.914867705211,0.108487,20723.52,7456.147381945211,0.3015273705136265214322812971
2022-06-22 00:00:00+00:00,5219.297980895561,0.107937,19987.99,7376.741657525561,0.2924656680133337426775557615
2022-06-23 00:00:00+00:00,5163.659104263561,0.110717,21110.13,7500.909367473561,0.3115955877756762237995673401
2022-06-24 00:00:00+00:00,5250.540815537685,0.106596,21237.69,7514.393618777685,0.3012688605482241755763923681
2022-06-25 00:00:00+00:00,5260.064137423869,0.106147,21491.19,7541.289482353869,0.3024980476174426370319864604
2022-06-26 00:00:00+00:00,5278.887400189551,0.105270,21038.07,7493.565029089551,0.2955439260622627401072225097
2022-06-27 00:00:00+00:00,5245.456563566703,0.106857,20742.56,7461.944297486703,0.2970389010631648615931573031
2022-06-28 00:00:00+00:00,5223.337008428538,0.107922,20281.29,7412.134387808538,0.2952992032875346965524875435
2022-06-29 00:00:00+00:00,5188.448473177786,0.109640,20123.01,7394.735289577786,0.2983591338975396106923275396
2022-06-30 00:00:00+00:00,5176.298529758086,0.110243,19942.21,7374.787586788086,0.2981087971901167419546108751
2022-07-01 00:00:00+00:00,5162.340803481859,0.110942,19279.8,7301.280375081859,0.2929540384313784245503715221
2022-07-02 00:00:00+00:00,5110.835427023539,0.113610,19252.81,7298.147171123539,0.2997078152595361516875407175
2022-07-03 00:00:00+00:00,5110.835427023539,0.113610,19315.83,7305.306873323539,0.3003941496713098827285217690
2022-07-04 00:00:00+00:00,5110.835427023539,0.113610,20236.71,7409.928050123539,0.3102719226891372200223869484
2022-07-05 00:00:00+00:00,5186.866960389613,0.109848,20175.83,7403.141534229613,0.2993694722156396473097808984
2022-07-06 00:00:00+00:00,5186.866960389613,0.109848,20564.51,7445.837254869613,0.3033870090301292412476199712
2022-07-07 00:00:00+00:00,5212.066811709712,0.108621,21624.98,7560.993764289712,0.3106637865083149899398730740
2022-07-08 00:00:00+00:00,5292.601567955689,0.104892,21594.75,7557.718084955689,0.2997090512689162323750234125
2022-07-09 00:00:00+00:00,5292.601567955689,0.104892,21591.83,7557.411800315689,0.2996806700761488356297232143
2022-07-10 00:00:00+00:00,5292.601567955689,0.104892,20862.47,7480.907771195689,0.2925188052265264703694508710
2022-07-11 00:00:00+00:00,5236.474895442348,0.107579,19963.61,7384.140095632348,0.2908483821237796555186825965
2022-07-12 00:00:00+00:00,5168.810225726543,0.110964,19328.75,7313.605640726543,0.2932610152038404496514192893
2022-07-13 00:00:00+00:00,5119.664299050647,0.113503,20234.87,7416.382748660647,0.3096817582701989311412582838
2022-07-14 00:00:00+00:00,5191.384495060928,0.109954,20588.84,7455.209808420928,0.3036568214086916467741188274
2022-07-15 00:00:00+00:00,5218.629243784028,0.108629,20830.04,7481.375658944028,0.3024505810578932143852358850
2022-07-16 00:00:00+00:00,5236.956652379216,0.107748,21195.6,7520.740161179216,0.3036647271220062594400411072
2022-07-17 00:00:00+00:00,5264.496279860936,0.106447,20798.16,7478.398017380936,0.2960395705570304189053283790
2022-07-18 00:00:00+00:00,5234.964133475164,0.107865,22432.58,7654.654375175164,0.3161070537093491466809767706
2022-07-19 00:00:00+00:00,5358.115720275226,0.102368,23396.62,7753.180916435226,0.3089138796030066284391475739
2022-07-20 00:00:00+00:00,5427.285183724186,0.099408,23223.3,7735.866990124186,0.2984257368110383838758820732
2022-07-21 00:00:00+00:00,5415.100354812226,0.099932,23152.19,7728.745005892226,0.2993558008856713433773043726
2022-07-22 00:00:00+00:00,5415.100354812226,0.099932,22684.83,7682.040786372226,0.2950961202368911181603173236
2022-07-23 00:00:00+00:00,5377.394583149086,0.101592,22451.07,7658.243686589086,0.2978292669681121124406621171
2022-07-24 00:00:00+00:00,5360.581216309894,0.102340,22579.68,7671.385667509894,0.3012238663722507588380366031
2022-07-25 00:00:00+00:00,5369.780710440142,0.101932,21310.9,7542.043369240142,0.2880204412055581478860645962
2022-07-26 00:00:00+00:00,5279.326367363512,0.106171,21254.67,7535.955935933512,0.2994483497189479481951303983
2022-07-27 00:00:00+00:00,5279.326367363512,0.106171,22952.45,7716.210936313512,0.3158136278366494668763259885
2022-07-28 00:00:00+00:00,5401.330393494346,0.100849,23842.93,7805.866041064346,0.3080421358655722696542742126
2022-07-29 00:00:00+00:00,5464.200016596346,0.098209,23773.75,7798.996230346346,0.2993713735448637243742109911
2022-07-30 00:00:00+00:00,5464.200016596346,0.098209,23643.51,7786.205490186346,0.2982204202697491121011260816
2022-07-31 00:00:00+00:00,5450.420946581722,0.098791,23293.32,7751.591322701722,0.2968642541023377008578057985
2022-08-01 00:00:00+00:00,5426.301195374610,0.099825,23268.01,7749.030293624610,0.2997444854694900335100421616
2022-08-02 00:00:00+00:00,5426.301195374610,0.099825,22987.79,7721.057332124610,0.2972074986676144750573688086
2022-08-03 00:00:00+00:00,5404.597284933023,0.100768,22818.37,7703.958793093023,0.2984649282160608639930659310
2022-08-04 00:00:00+00:00,5392.671374357897,0.101290,22622.98,7684.153018557897,0.2982087471014531838176807859
2022-08-05 00:00:00+00:00,5378.853764686767,0.101900,23312.42,7754.389362686767,0.3063472166397531020792668163
2022-08-06 00:00:00+00:00,5428.097843453547,0.099785,22954.21,7718.583688303547,0.2967494993052827258189571818
2022-08-07 00:00:00+00:00,5402.976276286558,0.100878,23174.39,7740.762390706558,0.3020098016736323769975687957
2022-08-08 00:00:00+00:00,5418.529221219454,0.100206,23810.0,7804.434081219454,0.3057114500770053207186286534
2022-08-09 00:00:00+00:00,5463.116769455704,0.098331,23149.95,7739.474502905704,0.2941230354328792632433301503
2022-08-10 00:00:00+00:00,5417.681192692344,0.100291,23954.05,7820.056821242344,0.3072069274514994274584048860
2022-08-11 00:00:00+00:00,5473.971799298799,0.097938,23934.39,7818.058087118799,0.2998297354277997867299438515
2022-08-12 00:00:00+00:00,5473.971799298799,0.097938,24403.68,7864.019411138799,0.3039218861101328410912031092
2022-08-13 00:00:00+00:00,5504.653601336409,0.096679,24441.38,7867.621778356409,0.3003408455043497922956001298
2022-08-14 00:00:00+00:00,5504.653601336409,0.096679,24305.24,7854.459899296409,0.2991684123526421215054656811
2022-08-15 00:00:00+00:00,5498.131326387309,0.096947,24094.82,7834.051840927309,0.2981752689376509652426164978
2022-08-16 00:00:00+00:00,5483.704958538013,0.097545,23854.74,7810.615571838013,0.2979164179696563597302149650
2022-08-17 00:00:00+00:00,5467.509462027403,0.098223,23342.66,7760.295555207403,0.2954508725690825318928918778
2022-08-18 00:00:00+00:00,5432.169477774907,0.099735,23191.2,7745.143809774907,0.2986354274120599891433730291
2022-08-19 00:00:00+00:00,5421.626871881117,0.100189,20834.39,7509.003571591117,0.2779831810983805717967301485
2022-08-20 00:00:00+00:00,5421.626871881117,0.100189,21140.07,7539.629345111117,0.2809159941799215140959571483
2022-08-21 00:00:00+00:00,5421.626871881117,0.100189,21515.61,7577.254322171117,0.2844866172674993795084917448
2022-08-22 00:00:00+00:00,5304.014509016227,0.105648,21399.83,7564.863748856227,0.2988618585737026822943664568
2022-08-23 00:00:00+00:00,5295.464509197202,0.106047,21529.12,7578.563097837202,0.3012574493562716405901331866
2022-08-24 00:00:00+00:00,5304.989506312753,0.105604,21368.08,7561.544226632753,0.2984251169717579076896837644
2022-08-25 00:00:00+00:00,5293.072029857748,0.106161,21559.04,7581.801275297748,0.3018714369231628777290792417
2022-08-26 00:00:00+00:00,5307.260967588180,0.105502,20241.05,7442.732224688180,0.2869203395517118043675170344
2022-08-27 00:00:00+00:00,5209.662556140468,0.110318,20037.6,7420.170512940468,0.2979052776408529005711428797
2022-08-28 00:00:00+00:00,5194.113228258468,0.111093,19555.61,7366.604609988468,0.2949108166853821290590504255
2022-08-29 00:00:00+00:00,5156.576389352787,0.113010,20285.73,7449.066736652787,0.3077553777334156092108256855
2022-08-30 00:00:00+00:00,5214.400788583347,0.110156,19811.66,7396.774007543347,0.2950439227607036946613231751
2022-08-31 00:00:00+00:00,5177.818065467831,0.112000,20050.02,7423.420305467831,0.3025023705509397279752683108
2022-09-01 00:00:00+00:00,5196.258674710619,0.111079,20131.46,7432.441120050619,0.3008678318765840920941246810
2022-09-02 00:00:00+00:00,5202.793276670219,0.110754,19951.86,7412.541579110219,0.2981093972771012877904985001
2022-09-03 00:00:00+00:00,5188.709550697049,0.111459,19831.9,7399.153292797049,0.2987427959158286017110516608
2022-09-04 00:00:00+00:00,5179.455614498839,0.111925,20000.3,7417.989191998839,0.3017709408251117274022442327
2022-09-05 00:00:00+00:00,5192.578729342609,0.111268,19796.84,7395.333522462609,0.2978573970233182523692052853
2022-09-06 00:00:00+00:00,5176.602943745357,0.112074,18790.61,7282.541768885357,0.2891763469366724127802061818
2022-09-07 00:00:00+00:00,5097.692675241515,0.116268,19292.84,7340.832596361515,0.3055702322147780220952030171
2022-09-08 00:00:00+00:00,5138.540346146915,0.114148,19319.77,7343.853452106915,0.3002937245877784567256228068
2022-09-09 00:00:00+00:00,5138.540346146915,0.114148,21360.11,7576.754182426915,0.3218018926805164160182988149
2022-09-10 00:00:00+00:00,5303.643010476581,0.106409,21648.34,7607.221221536581,0.3028146735812555647032755468
2022-09-11 00:00:00+00:00,5324.959412142803,0.105423,21826.87,7626.013528152803,0.3017374815183901949683959993
2022-09-12 00:00:00+00:00,5338.212897144755,0.104815,22395.74,7685.622385244755,0.3054286784381542060121484315
2022-09-13 00:00:00+00:00,5379.881362348619,0.102952,20173.57,7456.790740988619,0.2785259035396565251834502071
2022-09-14 00:00:00+00:00,5379.881362348619,0.102952,20226.71,7462.261610268619,0.2790548437828140639145863809
2022-09-15 00:00:00+00:00,5379.881362348619,0.102952,19701.88,7408.229312108619,0.2737965935321010332957599353
2022-09-16 00:00:00+00:00,5185.526106790331,0.112804,19803.3,7419.417559990331,0.3010871722931996850530276595
2022-09-17 00:00:00+00:00,5193.595349520011,0.112396,20113.62,7454.285783040011,0.3032739150762803142965954286
2022-09-18 00:00:00+00:00,5217.899970484481,0.111186,19416.18,7376.707359964481,0.2926518952339726138555692242
2022-09-19 00:00:00+00:00,5163.732628664071,0.113972,19537.02,7390.405872104071,0.3012924164077147449165201571
2022-09-20 00:00:00+00:00,5173.273811760457,0.113483,18875.0,7315.265436760457,0.2928111964654251099644571007
2022-09-21 00:00:00+00:00,5120.564928584690,0.116272,18461.36,7267.104178504690,0.2953775255168670180920161820
2022-09-22 00:00:00+00:00,5086.940059166698,0.118091,19401.63,7378.097947496698,0.3105350328274461263755669634
2022-09-23 00:00:00+00:00,5164.581325545865,0.114084,19289.91,7365.251417985865,0.2987908989862840564551616132
2022-09-24 00:00:00+00:00,5155.561853265018,0.114551,18920.5,7322.924048765018,0.2959695035845028338749186507
2022-09-25 00:00:00+00:00,5126.137801189407,0.116104,18807.38,7309.749848709407,0.2987259609035093908255072361
2022-09-26 00:00:00+00:00,5116.965846819204,0.116591,19227.82,7358.756608439204,0.3046426021277913898596312306
2022-09-27 00:00:00+00:00,5151.010434884472,0.114818,19079.13,7341.637983224472,0.2983840327384092890382366583
2022-09-28 00:00:00+00:00,5139.052018526692,0.115444,19412.82,7380.145610606692,0.3036652269921499199398151957
2022-09-29 00:00:00+00:00,5166.078309694288,0.114050,19591.51,7400.490025194288,0.3019275355946904479429223719
2022-09-30 00:00:00+00:00,5180.262987110338,0.113325,19422.61,7381.330265360338,0.2981938484150118738860997776
2022-10-01 00:00:00+00:00,5166.921755566740,0.114011,19310.95,7368.582476016740,0.2987902663254383923573134423
2022-10-02 00:00:00+00:00,5158.103925830868,0.114467,19056.8,7339.478651430868,0.2972111275471494297961974983
2022-10-03 00:00:00+00:00,5137.685634714528,0.115537,19629.08,7405.570650674528,0.3062404131886085330335366206
2022-10-04 00:00:00+00:00,5183.852023686108,0.113182,20337.82,7485.727166926108,0.3075018754905046258926450088
2022-10-05 00:00:00+00:00,5239.952057549616,0.110420,20158.26,7465.827126749616,0.2981417907769149359439604219
2022-10-06 00:00:00+00:00,5226.065145121872,0.111108,19960.67,7443.855267481872,0.2979356855644830655095636502
2022-10-07 00:00:00+00:00,5210.695435210073,0.111877,19530.09,7395.663314140073,0.2954390682918826236046730785
2022-10-08 00:00:00+00:00,5176.923122775014,0.113604,19417.96,7382.881050615014,0.2987936433915913796556648870
2022-10-09 00:00:00+00:00,5167.902145450150,0.114068,19439.02,7385.272278810150,0.3002421643575804816854859597
2022-10-10 00:00:00+00:00,5167.902145450150,0.114068,19131.87,7350.236292610150,0.2969066653481733261994854036
2022-10-11 00:00:00+00:00,5145.143936630122,0.115256,19060.0,7341.923296630122,0.2992103392047561079068539307
2022-10-12 00:00:00+00:00,5139.342164118122,0.115560,19155.53,7352.955210918122,0.3010507997536950368052817236
2022-10-13 00:00:00+00:00,5147.032503862862,0.115158,19375.13,7378.233724402862,0.3024031636678162320408564245
2022-10-14 00:00:00+00:00,5164.776813093944,0.114241,19176.93,7355.568473223944,0.2978412434205478220939985856
2022-10-15 00:00:00+00:00,5148.877673006492,0.115069,19069.39,7343.173310916492,0.2988211696771368710294352939
2022-10-16 00:00:00+00:00,5140.132992481132,0.115527,19262.98,7365.527282941132,0.3021364533689401811067764082
2022-10-17 00:00:00+00:00,5155.850387930074,0.114710,19549.86,7398.414828530074,0.3031141795337198486699728193
2022-10-18 00:00:00+00:00,5178.750945492922,0.113537,19327.44,7373.130500772922,0.2976184342661457252859069989
2022-10-19 00:00:00+00:00,5161.178815862746,0.114445,19123.97,7349.821562512746,0.2977817526636320259347179690
2022-10-20 00:00:00+00:00,5144.807096009221,0.115300,19041.92,7340.340472009221,0.2991051143161799037243473664
2022-10-21 00:00:00+00:00,5138.248159982597,0.115644,19164.37,7354.492564262597,0.3013456584413874096521918776
2022-10-22 00:00:00+00:00,5148.143258899520,0.115127,19204.35,7359.082461349520,0.3004368022864299480316486434
2022-10-23 00:00:00+00:00,5148.143258899520,0.115127,19570.4,7401.224699699520,0.3044200834615211921181798315
2022-10-24 00:00:00+00:00,5180.822429478080,0.113455,19329.72,7373.875812078080,0.2974085051727988531950214875
2022-10-25 00:00:00+00:00,5161.776391374560,0.114439,20080.07,7459.719522104560,0.3080468540299350172997871588
2022-10-26 00:00:00+00:00,5221.654402354724,0.111453,20771.59,7536.710422624724,0.3071706209277126371476178298
2022-10-27 00:00:00+00:00,5275.631869526738,0.108851,20295.11,7484.774888136738,0.2951515645596049040941107786
2022-10-28 00:00:00+00:00,5275.631869526738,0.108851,20591.84,7517.074245366738,0.2981801566243072281534868379
2022-10-29 00:00:00+00:00,5261.941112890450,0.109515,20809.67,7540.912122940450,0.3022142378661421324541973799
2022-10-30 00:00:00+00:00,5278.629562705498,0.108712,20627.48,7521.084168465498,0.2981557652502007058495615112
2022-10-31 00:00:00+00:00,5264.749875978970,0.109384,20490.74,7506.108980138970,0.2986046578980662376010301059
2022-11-01 00:00:00+00:00,5254.265495840388,0.109895,20483.62,7505.312915740388,0.2999271909341753949986544628
2022-11-02 00:00:00+00:00,5254.265495840388,0.109895,20151.84,7468.851952640388,0.2965096203328946099391445384
2022-11-03 00:00:00+00:00,5228.175293492532,0.111188,20207.82,7475.042383652532,0.3005825217892761593311490458
2022-11-04 00:00:00+00:00,5228.175293492532,0.111188,21148.52,7579.636935252532,0.3102340734585140084894283318
2022-11-05 00:00:00+00:00,5305.647220249764,0.107520,21299.37,7595.755482649764,0.3014984181140465498007910542
2022-11-06 00:00:00+00:00,5317.027569487929,0.106985,20905.58,7553.611045787929,0.2960946046523234072943849163
2022-11-07 00:00:00+00:00,5287.491449002535,0.108396,20591.13,7519.487576482535,0.2968282219736152395911560943
2022-11-08 00:00:00+00:00,5263.595838510046,0.109555,18547.23,7295.537621160046,0.2785184434875007599105627932
2022-11-09 00:00:00+00:00,5263.595838510046,0.109555,15922.81,7008.019288060046,0.2489181861302910070694458035
2022-11-10 00:00:00+00:00,5263.595838510046,0.109555,17601.15,7191.889826760046,0.2681206240222256697560265808
2022-11-11 00:00:00+00:00,5034.131625774531,0.122574,17070.31,7126.507803714531,0.2936046989030723076145194029
2022-11-12 00:00:00+00:00,4988.478437102977,0.125245,16812.08,7094.107396702977,0.2968137979668311644977344981
2022-11-13 00:00:00+00:00,4965.953184212473,0.126583,16329.85,7033.034586762473,0.2939103138267861948042393502
2022-11-14 00:00:00+00:00,4923.255471671619,0.129194,16619.46,7070.389986911619,0.3036797855867465211618661799
2022-11-15 00:00:00+00:00,4949.095625784567,0.127637,16900.57,7106.233678874567,0.3035557442337910356897056257
2022-11-16 00:00:00+00:00,4974.346010276031,0.126141,16662.76,7076.203219436031,0.2970317759369715661788749359
2022-11-17 00:00:00+00:00,4953.224990338293,0.127407,16692.56,7079.973982258293,0.3003893795724984806846823593
2022-11-18 00:00:00+00:00,4953.224990338293,0.127407,16700.45,7080.979223488293,0.3004886988076498514805931992
2022-11-19 00:00:00+00:00,4953.224990338293,0.127407,16700.68,7081.008527098293,0.3004915936221783594793424576
2022-11-20 00:00:00+00:00,4953.224990338293,0.127407,16280.23,7027.440253948293,0.2951594305543364934989418235
2022-11-21 00:00:00+00:00,4919.107701946743,0.129500,15781.29,6962.784756946743,0.2935143231249582188264484793
2022-11-22 00:00:00+00:00,4919.107701946743,0.129500,16226.94,7020.496431946743,0.2993219568402083890490664632
2022-11-23 00:00:00+00:00,4919.107701946743,0.129500,16603.11,7069.210446946743,0.3041503377408504153048118289
2022-11-24 00:00:00+00:00,4948.423839838719,0.127732,16598.95,7068.640921238719,0.2999469212008650242367928456
2022-11-25 00:00:00+00:00,4948.423839838719,0.127732,16522.14,7058.829826318719,0.2989739147147859479897905301
2022-11-26 00:00:00+00:00,4941.111909971009,0.128174,16458.57,7050.672661151009,0.2991999278031464008285456645
2022-11-27 00:00:00+00:00,4935.393695273138,0.128521,16428.78,7046.836929653138,0.2996299269385718899724513595
2022-11-28 00:00:00+00:00,4935.393695273138,0.128521,16212.91,7019.093101383138,0.2968616281353212712599820064
2022-11-29 00:00:00+00:00,4913.284000827230,0.129883,16442.53,7048.889124817230,0.3029704519639999174345731059
2022-11-30 00:00:00+00:00,4934.237878488122,0.128607,17163.64,7141.602127968122,0.3090853018590134795104706555
2022-12-01 00:00:00+00:00,4999.210662621812,0.124817,16977.37,7118.275053911812,0.2976935247993091946296406038
2022-12-02 00:00:00+00:00,4982.839593863612,0.125780,17092.74,7132.764431063612,0.3014153709937412014638207999
2022-12-03 00:00:00+00:00,4992.876701079440,0.125192,16885.2,7106.768659479440,0.2974476952447808217014092456
2022-12-04 00:00:00+00:00,4974.718421163200,0.126266,17105.7,7134.586737363200,0.3027320846614647733381331508
2022-12-05 00:00:00+00:00,4994.280072164675,0.125121,16966.35,7117.126750514675,0.2982729903182469454696667097
2022-12-06 00:00:00+00:00,4981.980466036055,0.125845,17088.96,7132.540637236055,0.3015139037516045399924603318
2022-12-07 00:00:00+00:00,4992.766648466519,0.125213,16836.64,7100.932852786519,0.2968858103612009299029094108
2022-12-08 00:00:00+00:00,4970.631401685703,0.126526,17224.1,7149.927878285703,0.3047997845151016203249990212
2022-12-09 00:00:00+00:00,5004.914407065013,0.124533,17128.56,7137.985369545013,0.2988337537901069518633237815
2022-12-10 00:00:00+00:00,4996.579105080805,0.125019,17127.49,7137.840777390805,0.2999873125627110718491065747
2022-12-11 00:00:00+00:00,4996.579105080805,0.125019,17085.05,7132.534971030805,0.2994665816046196476410756447
2022-12-12 00:00:00+00:00,4996.579105080805,0.125019,17209.83,7148.134841850805,0.3009954043078622451853450231
2022-12-13 00:00:00+00:00,5003.608407462724,0.124610,17774.7,7218.513774462724,0.3068367583969673904521279454
2022-12-14 00:00:00+00:00,5052.996450672112,0.121828,17803.15,7221.918608872112,0.3003249241185692174415469905
2022-12-15 00:00:00+00:00,5052.996450672112,0.121828,17356.34,7167.484640192112,0.2950111923034863747994293052
2022-12-16 00:00:00+00:00,5052.996450672112,0.121828,16632.12,7079.254366032112,0.2862247647269818063145842838
2022-12-17 00:00:00+00:00,5052.996450672112,0.121828,16776.52,7096.846329232112,0.2879941010053048752195204359
2022-12-18 00:00:00+00:00,4967.773344053566,0.126901,16738.21,7091.868931263566,0.2995113992936622954818349002
2022-12-19 00:00:00+00:00,4967.773344053566,0.126901,16438.88,7053.883654933566,0.2957392569724269349035224782
2022-12-20 00:00:00+00:00,4937.684006059134,0.128729,16895.56,7112.632549299134,0.3057867151388715436863837910
2022-12-21 00:00:00+00:00,4978.857017471334,0.126289,16824.67,7103.627767101334,0.2991106543434527234502208063
2022-12-22 00:00:00+00:00,4972.539560439834,0.126664,16821.43,7103.209169959834,0.2999587311226607370755875955
2022-12-23 00:00:00+00:00,4972.539560439834,0.126664,16778.5,7097.771484439834,0.2994224213415524267295021342
2022-12-24 00:00:00+00:00,4972.539560439834,0.126664,16836.12,7105.069864119834,0.3001420597493554465085265120
2022-12-25 00:00:00+00:00,4972.539560439834,0.126664,16832.11,7104.561941479834,0.3000920251806423997492559316
2022-12-26 00:00:00+00:00,4972.539560439834,0.126664,16919.39,7115.617175399834,0.3011794426447032992228952650
2022-12-27 00:00:00+00:00,4980.937565651955,0.126167,16706.36,7088.728887771955,0.2973440451017863532609736434
2022-12-28 00:00:00+00:00,4980.937565651955,0.126167,16547.31,7068.662026421955,0.2953493112227312311144599126
2022-12-29 00:00:00+00:00,4948.031866261179,0.128153,16633.47,7079.660947171179,0.3010919727394198581524865852
2022-12-30 00:00:00+00:00,4955.756374878564,0.127688,16607.48,7076.332281118564,0.2996716126372740261261445762
2022-12-31 00:00:00+00:00,4955.756374878564,0.127688,16542.4,7068.022346078564,0.2988482304915057618041754478
