timestamp,regime_id,regime_label,regime_probability,is_confirmed,consecutive_bars,is_flickering,trend_gate_raw_state,trend_gate_confirmed_state,trend_gate_cap,strategy_target_allocation_pct,final_allocation_pct
2022-01-01 00:00:00+00:00,5,WEAK_BEAR,1.0,True,1,False,TRANSITION,BULL_STRUCTURE,0.6,0.95,0.6
2022-01-02 00:00:00+00:00,5,WEAK_BEAR,1.0,True,2,False,TRANSITION,TRANSITION,0.6,0.95,0.6
2022-01-03 00:00:00+00:00,5,WEAK_BEAR,1.0,True,3,False,TRANSITION,TRANSITION,0.6,0.95,0.6
2022-01-04 00:00:00+00:00,5,WEAK_BEAR,1.0,True,4,False,TRANSITION,TRANSITION,0.6,0.95,0.6
2022-01-05 00:00:00+00:00,5,WEAK_BEAR,1.0,True,5,False,TRANSITION,TRANSITION,0.6,0.95,0.6
2022-01-06 00:00:00+00:00,5,WEAK_BEAR,1.0,True,6,False,TRANSITION,TRANSITION,0.6,0.95,0.6
2022-01-07 00:00:00+00:00,5,WEAK_BEAR,1.0,True,7,False,TRANSITION,TRANSITION,0.6,0.95,0.6
2022-01-08 00:00:00+00:00,5,WEAK_BEAR,1.0,True,8,False,TRANSITION,TRANSITION,0.6,0.95,0.6
2022-01-09 00:00:00+00:00,5,WEAK_BEAR,1.0,True,9,False,TRANSITION,TRANSITION,0.6,0.95,0.6
2022-01-10 00:00:00+00:00,5,WEAK_BEAR,1.0,True,10,False,TRANSITION,TRANSITION,0.6,0.95,0.6
2022-01-11 00:00:00+00:00,5,WEAK_BEAR,1.0,True,11,False,TRANSITION,TRANSITION,0.6,0.95,0.6
2022-01-12 00:00:00+00:00,5,WEAK_BEAR,1.0,True,12,False,TRANSITION,TRANSITION,0.6,0.95,0.6
2022-01-13 00:00:00+00:00,5,WEAK_BEAR,1.0,True,13,False,TRANSITION,TRANSITION,0.6,0.95,0.6
2022-01-14 00:00:00+00:00,5,WEAK_BEAR,1.0,True,14,False,TRANSITION,TRANSITION,0.6,0.95,0.6
2022-01-15 00:00:00+00:00,5,WEAK_BEAR,1.0,True,15,False,TRANSITION,TRANSITION,0.6,0.95,0.6
2022-01-16 00:00:00+00:00,5,WEAK_BEAR,1.0,True,16,False,TRANSITION,TRANSITION,0.6,0.95,0.6
2022-01-17 00:00:00+00:00,5,WEAK_BEAR,1.0,True,17,False,TRANSITION,TRANSITION,0.6,0.95,0.6
2022-01-18 00:00:00+00:00,5,WEAK_BEAR,1.0,True,18,False,TRANSITION,TRANSITION,0.6,0.95,0.6
2022-01-19 00:00:00+00:00,5,WEAK_BEAR,1.0,True,19,False,TRANSITION,TRANSITION,0.6,0.95,0.6
2022-01-20 00:00:00+00:00,5,WEAK_BEAR,1.0,True,20,False,TRANSITION,TRANSITION,0.6,0.95,0.6
2022-01-21 00:00:00+00:00,5,WEAK_BEAR,1.0,True,21,False,TRANSITION,TRANSITION,0.6,0.95,0.6
2022-01-22 00:00:00+00:00,5,WEAK_BEAR,1.0,True,22,False,TRANSITION,TRANSITION,0.6,0.95,0.6
2022-01-23 00:00:00+00:00,5,WEAK_BEAR,1.0,True,23,False,TRANSITION,TRANSITION,0.6,0.95,0.6
2022-01-24 00:00:00+00:00,5,WEAK_BEAR,1.0,True,24,False,TRANSITION,TRANSITION,0.6,0.95,0.6
2022-01-25 00:00:00+00:00,5,WEAK_BEAR,1.0,True,25,False,TRANSITION,TRANSITION,0.6,0.95,0.6
2022-01-26 00:00:00+00:00,5,WEAK_BEAR,1.0,True,26,False,TRANSITION,TRANSITION,0.6,0.95,0.6
2022-01-27 00:00:00+00:00,5,WEAK_BEAR,1.0,True,27,False,TRANSITION,TRANSITION,0.6,0.95,0.6
2022-01-28 00:00:00+00:00,5,WEAK_BEAR,1.0,True,28,False,TRANSITION,TRANSITION,0.6,0.95,0.6
2022-01-29 00:00:00+00:00,5,WEAK_BEAR,1.0,True,29,False,TRANSITION,TRANSITION,0.6,0.95,0.6
2022-01-30 00:00:00+00:00,5,WEAK_BEAR,1.0,True,30,False,TRANSITION,TRANSITION,0.6,0.95,0.6
2022-01-31 00:00:00+00:00,5,WEAK_BEAR,1.0,True,31,False,TRANSITION,TRANSITION,0.6,0.95,0.6
2022-02-01 00:00:00+00:00,5,WEAK_BEAR,1.0,True,32,False,TRANSITION,TRANSITION,0.6,0.95,0.6
2022-02-02 00:00:00+00:00,5,WEAK_BEAR,1.0,True,33,False,TRANSITION,TRANSITION,0.6,0.95,0.6
2022-02-03 00:00:00+00:00,5,WEAK_BEAR,1.0,True,34,False,TRANSITION,TRANSITION,0.6,0.95,0.6
2022-02-04 00:00:00+00:00,5,WEAK_BEAR,1.0,True,35,False,TRANSITION,TRANSITION,0.6,0.95,0.6
2022-02-05 00:00:00+00:00,5,WEAK_BEAR,1.0,True,36,False,TRANSITION,TRANSITION,0.6,0.95,0.6
2022-02-06 00:00:00+00:00,5,WEAK_BEAR,1.0,True,37,False,TRANSITION,TRANSITION,0.6,0.95,0.6
2022-02-07 00:00:00+00:00,5,WEAK_BEAR,1.0,True,38,False,TRANSITION,TRANSITION,0.6,0.95,0.6
2022-02-08 00:00:00+00:00,5,WEAK_BEAR,1.0,True,39,False,TRANSITION,TRANSITION,0.6,0.95,0.6
2022-02-09 00:00:00+00:00,5,WEAK_BEAR,1.0,True,40,False,TRANSITION,TRANSITION,0.6,0.95,0.6
2022-02-10 00:00:00+00:00,5,WEAK_BEAR,9.517436898163767e-22,False,40,False,TRANSITION,TRANSITION,0.6,0.5951970116432321831859225632,0.5951970116432321831859225632
2022-02-11 00:00:00+00:00,5,WEAK_BEAR,2.28446457784856e-41,False,40,False,TRANSITION,TRANSITION,0.6,0.5888865771642038287577611963,0.5888865771642038287577611963
2022-02-12 00:00:00+00:00,4,EUPHORIA,1.0,True,3,False,TRANSITION,TRANSITION,0.6,0.95,0.6
2022-02-13 00:00:00+00:00,4,EUPHORIA,1.0,True,4,False,TRANSITION,TRANSITION,0.6,0.95,0.6
2022-02-14 00:00:00+00:00,4,EUPHORIA,1.0,True,5,False,TRANSITION,TRANSITION,0.6,0.95,0.6
2022-02-15 00:00:00+00:00,4,EUPHORIA,1.0,True,6,False,TRANSITION,TRANSITION,0.6,0.95,0.6
2022-02-16 00:00:00+00:00,4,EUPHORIA,1.0,True,7,False,TRANSITION,TRANSITION,0.6,0.95,0.6
2022-02-17 00:00:00+00:00,4,EUPHORIA,0.23701941292332887,False,7,False,TRANSITION,TRANSITION,0.6,0.5807501475160118865631677100,0.5807501475160118865631677100
2022-02-18 00:00:00+00:00,4,EUPHORIA,7.2156239780643075e-09,False,7,False,TRANSITION,TRANSITION,0.6,0.5774720082431677115345438877,0.5774720082431677115345438877
2022-02-19 00:00:00+00:00,5,WEAK_BEAR,0.9999999999795364,True,3,False,TRANSITION,TRANSITION,0.6,0.95,0.6
2022-02-20 00:00:00+00:00,5,WEAK_BEAR,1.0,True,4,False,TRANSITION,TRANSITION,0.6,0.95,0.6
2022-02-21 00:00:00+00:00,5,WEAK_BEAR,1.0,True,5,False,TRANSITION,TRANSITION,0.6,0.95,0.6
2022-02-22 00:00:00+00:00,5,WEAK_BEAR,0.9243910654740558,True,6,False,TRANSITION,TRANSITION,0.6,0.95,0.6
2022-02-23 00:00:00+00:00,5,WEAK_BEAR,0.9995238911769802,True,7,False,TRANSITION,TRANSITION,0.6,0.95,0.6
2022-02-24 00:00:00+00:00,5,WEAK_BEAR,0.9999999999990905,True,8,False,TRANSITION,TRANSITION,0.6,0.95,0.6
2022-02-25 00:00:00+00:00,5,WEAK_BEAR,0.9999999733172448,True,9,False,TRANSITION,TRANSITION,0.6,0.95,0.6
2022-02-26 00:00:00+00:00,5,WEAK_BEAR,0.9999999983997441,True,10,False,TRANSITION,TRANSITION,0.6,0.95,0.6
2022-02-27 00:00:00+00:00,5,WEAK_BEAR,1.0,True,11,False,TRANSITION,TRANSITION,0.6,0.95,0.6
2022-02-28 00:00:00+00:00,5,WEAK_BEAR,1.0,True,12,False,TRANSITION,TRANSITION,0.6,0.95,0.6
2022-03-01 00:00:00+00:00,5,WEAK_BEAR,1.0,True,13,False,TRANSITION,TRANSITION,0.6,0.95,0.6
2022-03-02 00:00:00+00:00,5,WEAK_BEAR,1.0,True,14,False,TRANSITION,TRANSITION,0.6,0.95,0.6
2022-03-03 00:00:00+00:00,5,WEAK_BEAR,1.0,True,15,False,TRANSITION,TRANSITION,0.6,0.95,0.6
2022-03-04 00:00:00+00:00,5,WEAK_BEAR,1.0,True,16,False,TRANSITION,TRANSITION,0.6,0.95,0.6
2022-03-05 00:00:00+00:00,5,WEAK_BEAR,1.0,True,17,False,TRANSITION,TRANSITION,0.6,0.95,0.6
2022-03-06 00:00:00+00:00,5,WEAK_BEAR,1.0,True,18,False,TRANSITION,TRANSITION,0.6,0.95,0.6
2022-03-07 00:00:00+00:00,5,WEAK_BEAR,1.0,True,19,False,BEAR_STRUCTURE,TRANSITION,0.3,0.95,0.3
2022-03-08 00:00:00+00:00,5,WEAK_BEAR,1.0,True,20,False,BEAR_STRUCTURE,TRANSITION,0.3,0.95,0.3
2022-03-09 00:00:00+00:00,5,WEAK_BEAR,1.0,True,21,False,BEAR_STRUCTURE,TRANSITION,0.3,0.95,0.3
2022-03-10 00:00:00+00:00,5,WEAK_BEAR,1.0,True,22,False,BEAR_STRUCTURE,TRANSITION,0.3,0.95,0.3
2022-03-11 00:00:00+00:00,5,WEAK_BEAR,1.0,True,23,False,BEAR_STRUCTURE,BEAR_STRUCTURE,0.3,0.95,0.3
2022-03-12 00:00:00+00:00,5,WEAK_BEAR,0.9999999999886313,True,24,False,BEAR_STRUCTURE,BEAR_STRUCTURE,0.3,0.95,0.3
2022-03-13 00:00:00+00:00,5,WEAK_BEAR,0.9999999003525822,True,25,False,BEAR_STRUCTURE,BEAR_STRUCTURE,0.3,0.95,0.3
2022-03-14 00:00:00+00:00,5,WEAK_BEAR,0.999999999998181,True,26,False,BEAR_STRUCTURE,BEAR_STRUCTURE,0.3,0.95,0.3
2022-03-15 00:00:00+00:00,5,WEAK_BEAR,0.9999661804970876,True,27,False,BEAR_STRUCTURE,BEAR_STRUCTURE,0.3,0.95,0.3
2022-03-16 00:00:00+00:00,5,WEAK_BEAR,0.9999997759487338,True,28,False,BEAR_STRUCTURE,BEAR_STRUCTURE,0.3,0.95,0.3
2022-03-17 00:00:00+00:00,5,WEAK_BEAR,1.0,True,29,False,BEAR_STRUCTURE,BEAR_STRUCTURE,0.3,0.95,0.3
2022-03-18 00:00:00+00:00,5,WEAK_BEAR,0.9999998006565164,True,30,False,BEAR_STRUCTURE,BEAR_STRUCTURE,0.3,0.95,0.3
2022-03-19 00:00:00+00:00,5,WEAK_BEAR,2.7864146809961747e-18,False,30,False,BEAR_STRUCTURE,BEAR_STRUCTURE,0.3,0.3022220232697529544816783286,0.3
2022-03-20 00:00:00+00:00,5,WEAK_BEAR,1.0,True,31,False,BEAR_STRUCTURE,BEAR_STRUCTURE,0.3,0.95,0.3
2022-03-21 00:00:00+00:00,5,WEAK_BEAR,1.0,True,32,False,BEAR_STRUCTURE,BEAR_STRUCTURE,0.3,0.95,0.3
2022-03-22 00:00:00+00:00,5,WEAK_BEAR,1.0,True,33,False,BEAR_STRUCTURE,BEAR_STRUCTURE,0.3,0.95,0.3
2022-03-23 00:00:00+00:00,5,WEAK_BEAR,1.0,True,34,False,BEAR_STRUCTURE,BEAR_STRUCTURE,0.3,0.95,0.3
2022-03-24 00:00:00+00:00,5,WEAK_BEAR,5.0215533181138884e-06,False,34,False,BEAR_STRUCTURE,BEAR_STRUCTURE,0.3,0.3053865477074531978007803130,0.3
2022-03-25 00:00:00+00:00,5,WEAK_BEAR,9.311807981741832e-14,False,34,False,BEAR_STRUCTURE,BEAR_STRUCTURE,0.3,0.3015297124652905014170775484,0.3
2022-03-26 00:00:00+00:00,4,EUPHORIA,1.0,True,3,False,BEAR_STRUCTURE,BEAR_STRUCTURE,0.3,0.95,0.3
2022-03-27 00:00:00+00:00,4,EUPHORIA,1.0,True,4,False,BEAR_STRUCTURE,BEAR_STRUCTURE,0.3,0.95,0.3
2022-03-28 00:00:00+00:00,4,EUPHORIA,1.0,True,5,False,BEAR_STRUCTURE,BEAR_STRUCTURE,0.3,0.95,0.3
2022-03-29 00:00:00+00:00,4,EUPHORIA,0.9974458503509788,True,6,False,BEAR_STRUCTURE,BEAR_STRUCTURE,0.3,0.95,0.3
2022-03-30 00:00:00+00:00,4,EUPHORIA,1.0,True,7,False,BEAR_STRUCTURE,BEAR_STRUCTURE,0.3,0.95,0.3
2022-03-31 00:00:00+00:00,4,EUPHORIA,1.0,True,8,False,BEAR_STRUCTURE,BEAR_STRUCTURE,0.3,0.95,0.3
2022-04-01 00:00:00+00:00,4,EUPHORIA,1.0,True,9,False,BEAR_STRUCTURE,BEAR_STRUCTURE,0.3,0.95,0.3
2022-04-02 00:00:00+00:00,4,EUPHORIA,1.0,True,10,False,BEAR_STRUCTURE,BEAR_STRUCTURE,0.3,0.95,0.3
2022-04-03 00:00:00+00:00,4,EUPHORIA,1.0,True,11,False,BEAR_STRUCTURE,BEAR_STRUCTURE,0.3,0.95,0.3
2022-04-04 00:00:00+00:00,4,EUPHORIA,1.0,True,12,False,BEAR_STRUCTURE,BEAR_STRUCTURE,0.3,0.95,0.3
2022-04-05 00:00:00+00:00,4,EUPHORIA,1.0,True,13,False,BEAR_STRUCTURE,BEAR_STRUCTURE,0.3,0.95,0.3
2022-04-06 00:00:00+00:00,4,EUPHORIA,0.11858447806829271,False,13,False,BEAR_STRUCTURE,BEAR_STRUCTURE,0.3,0.2890917972417944530498684993,0.2890917972417944530498684993
2022-04-07 00:00:00+00:00,4,EUPHORIA,0.02166859204888933,False,13,False,BEAR_STRUCTURE,BEAR_STRUCTURE,0.3,0.2903924870236477108816712420,0.2903924870236477108816712420
2022-04-08 00:00:00+00:00,5,WEAK_BEAR,0.9999987371164724,True,3,False,BEAR_STRUCTURE,BEAR_STRUCTURE,0.3,0.95,0.3
2022-04-09 00:00:00+00:00,5,WEAK_BEAR,0.20617801470247685,False,3,False,BEAR_STRUCTURE,BEAR_STRUCTURE,0.3,0.3024878025731999304504168026,0.3
2022-04-10 00:00:00+00:00,5,WEAK_BEAR,0.5737230368161645,True,4,False,BEAR_STRUCTURE,BEAR_STRUCTURE,0.3,0.95,0.3
2022-04-11 00:00:00+00:00,5,WEAK_BEAR,0.999999999998181,True,5,False,BEAR_STRUCTURE,BEAR_STRUCTURE,0.3,0.95,0.3
2022-04-12 00:00:00+00:00,5,WEAK_BEAR,0.9999999985748218,True,6,False,BEAR_STRUCTURE,BEAR_STRUCTURE,0.3,0.95,0.3
2022-04-13 00:00:00+00:00,5,WEAK_BEAR,0.9999999997153282,True,7,False,BEAR_STRUCTURE,BEAR_STRUCTURE,0.3,0.95,0.3
2022-04-14 00:00:00+00:00,5,WEAK_BEAR,0.9999999999954525,True,8,False,BEAR_STRUCTURE,BEAR_STRUCTURE,0.3,0.95,0.3
2022-04-15 00:00:00+00:00,5,WEAK_BEAR,0.9999999998581188,True,9,False,BEAR_STRUCTURE,BEAR_STRUCTURE,0.3,0.95,0.3
2022-04-16 00:00:00+00:00,5,WEAK_BEAR,0.9999999998153726,True,10,False,BEAR_STRUCTURE,BEAR_STRUCTURE,0.3,0.95,0.3
2022-04-17 00:00:00+00:00,5,WEAK_BEAR,1.0,True,11,False,BEAR_STRUCTURE,BEAR_STRUCTURE,0.3,0.95,0.3
2022-04-18 00:00:00+00:00,5,WEAK_BEAR,1.0,True,12,False,BEAR_STRUCTURE,BEAR_STRUCTURE,0.3,0.95,0.3
2022-04-19 00:00:00+00:00,5,WEAK_BEAR,0.9999999996180122,True,13,False,BEAR_STRUCTURE,BEAR_STRUCTURE,0.3,0.95,0.3
2022-04-20 00:00:00+00:00,5,WEAK_BEAR,0.9999999856436262,True,14,False,BEAR_STRUCTURE,BEAR_STRUCTURE,0.3,0.95,0.3
2022-04-21 00:00:00+00:00,5,WEAK_BEAR,1.0,True,15,False,BEAR_STRUCTURE,BEAR_STRUCTURE,0.3,0.95,0.3
2022-04-22 00:00:00+00:00,5,WEAK_BEAR,1.0,True,16,False,BEAR_STRUCTURE,BEAR_STRUCTURE,0.3,0.95,0.3
2022-04-23 00:00:00+00:00,5,WEAK_BEAR,1.0,True,17,False,BEAR_STRUCTURE,BEAR_STRUCTURE,0.3,0.95,0.3
2022-04-24 00:00:00+00:00,5,WEAK_BEAR,1.0,True,18,False,BEAR_STRUCTURE,BEAR_STRUCTURE,0.3,0.95,0.3
2022-04-25 00:00:00+00:00,5,WEAK_BEAR,0.9999999999818101,True,19,False,BEAR_STRUCTURE,BEAR_STRUCTURE,0.3,0.95,0.3
2022-04-26 00:00:00+00:00,5,WEAK_BEAR,1.0,True,20,False,BEAR_STRUCTURE,BEAR_STRUCTURE,0.3,0.95,0.3
2022-04-27 00:00:00+00:00,5,WEAK_BEAR,0.9999999999954525,True,21,False,BEAR_STRUCTURE,BEAR_STRUCTURE,0.3,0.95,0.3
2022-04-28 00:00:00+00:00,5,WEAK_BEAR,0.9999999967712938,True,22,False,BEAR_STRUCTURE,BEAR_STRUCTURE,0.3,0.95,0.3
2022-04-29 00:00:00+00:00,5,WEAK_BEAR,1.0,True,23,False,BEAR_STRUCTURE,BEAR_STRUCTURE,0.3,0.95,0.3
2022-04-30 00:00:00+00:00,5,WEAK_BEAR,1.0,True,24,False,BEAR_STRUCTURE,BEAR_STRUCTURE,0.3,0.95,0.3
2022-05-01 00:00:00+00:00,5,WEAK_BEAR,0.9999893948823507,True,25,False,BEAR_STRUCTURE,BEAR_STRUCTURE,0.3,0.95,0.3
2022-05-02 00:00:00+00:00,5,WEAK_BEAR,0.9999797510421686,True,26,False,BEAR_STRUCTURE,BEAR_STRUCTURE,0.3,0.95,0.3
2022-05-03 00:00:00+00:00,5,WEAK_BEAR,0.9999999999581632,True,27,False,BEAR_STRUCTURE,BEAR_STRUCTURE,0.3,0.95,0.3
2022-05-04 00:00:00+00:00,5,WEAK_BEAR,0.9997965692466276,True,28,False,BEAR_STRUCTURE,BEAR_STRUCTURE,0.3,0.95,0.3
2022-05-05 00:00:00+00:00,5,WEAK_BEAR,1.0,True,29,False,BEAR_STRUCTURE,BEAR_STRUCTURE,0.3,0.95,0.3
2022-05-06 00:00:00+00:00,5,WEAK_BEAR,1.0,True,30,False,BEAR_STRUCTURE,BEAR_STRUCTURE,0.3,0.95,0.3
2022-05-07 00:00:00+00:00,5,WEAK_BEAR,0.9999999999299689,True,31,False,BEAR_STRUCTURE,BEAR_STRUCTURE,0.3,0.95,0.3
2022-05-08 00:00:00+00:00,5,WEAK_BEAR,1.0,True,32,False,BEAR_STRUCTURE,BEAR_STRUCTURE,0.3,0.95,0.3
2022-05-09 00:00:00+00:00,5,WEAK_BEAR,1.0,True,33,False,BEAR_STRUCTURE,BEAR_STRUCTURE,0.3,0.95,0.3
2022-05-10 00:00:00+00:00,5,WEAK_BEAR,1.0,True,34,False,BEAR_STRUCTURE,BEAR_STRUCTURE,0.3,0.95,0.3
2022-05-11 00:00:00+00:00,5,WEAK_BEAR,1.0,True,35,False,BEAR_STRUCTURE,BEAR_STRUCTURE,0.3,0.95,0.3
2022-05-12 00:00:00+00:00,5,WEAK_BEAR,1.0,True,36,False,BEAR_STRUCTURE,BEAR_STRUCTURE,0.3,0.95,0.3
2022-05-13 00:00:00+00:00,5,WEAK_BEAR,1.0,True,37,False,BEAR_STRUCTURE,BEAR_STRUCTURE,0.3,0.95,0.3
2022-05-14 00:00:00+00:00,5,WEAK_BEAR,1.0,True,38,False,BEAR_STRUCTURE,BEAR_STRUCTURE,0.3,0.95,0.3
2022-05-15 00:00:00+00:00,5,WEAK_BEAR,1.0,True,39,False,BEAR_STRUCTURE,BEAR_STRUCTURE,0.3,0.95,0.3
2022-05-16 00:00:00+00:00,5,WEAK_BEAR,1.0,True,40,False,BEAR_STRUCTURE,BEAR_STRUCTURE,0.3,0.95,0.3
2022-05-17 00:00:00+00:00,5,WEAK_BEAR,1.0,True,41,False,BEAR_STRUCTURE,BEAR_STRUCTURE,0.3,0.95,0.3
2022-05-18 00:00:00+00:00,5,WEAK_BEAR,1.0,True,42,False,BEAR_STRUCTURE,BEAR_STRUCTURE,0.3,0.95,0.3
2022-05-19 00:00:00+00:00,5,WEAK_BEAR,1.0,True,43,False,BEAR_STRUCTURE,BEAR_STRUCTURE,0.3,0.95,0.3
2022-05-20 00:00:00+00:00,5,WEAK_BEAR,1.0,True,44,False,BEAR_STRUCTURE,BEAR_STRUCTURE,0.3,0.95,0.3
2022-05-21 00:00:00+00:00,5,WEAK_BEAR,1.0,True,45,False,BEAR_STRUCTURE,BEAR_STRUCTURE,0.3,0.95,0.3
2022-05-22 00:00:00+00:00,5,WEAK_BEAR,1.0,True,46,False,BEAR_STRUCTURE,BEAR_STRUCTURE,0.3,0.95,0.3
2022-05-23 00:00:00+00:00,5,WEAK_BEAR,1.0,True,47,False,BEAR_STRUCTURE,BEAR_STRUCTURE,0.3,0.95,0.3
2022-05-24 00:00:00+00:00,5,WEAK_BEAR,1.0,True,48,False,BEAR_STRUCTURE,BEAR_STRUCTURE,0.3,0.95,0.3
2022-05-25 00:00:00+00:00,5,WEAK_BEAR,1.0,True,49,False,BEAR_STRUCTURE,BEAR_STRUCTURE,0.3,0.95,0.3
2022-05-26 00:00:00+00:00,5,WEAK_BEAR,1.0,True,50,False,BEAR_STRUCTURE,BEAR_STRUCTURE,0.3,0.95,0.3
2022-05-27 00:00:00+00:00,5,WEAK_BEAR,1.0,True,51,False,BEAR_STRUCTURE,BEAR_STRUCTURE,0.3,0.95,0.3
2022-05-28 00:00:00+00:00,5,WEAK_BEAR,1.0,True,52,False,BEAR_STRUCTURE,BEAR_STRUCTURE,0.3,0.95,0.3
2022-05-29 00:00:00+00:00,5,WEAK_BEAR,1.0,True,53,False,BEAR_STRUCTURE,BEAR_STRUCTURE,0.3,0.95,0.3
2022-05-30 00:00:00+00:00,5,WEAK_BEAR,0.9999999962428774,True,54,False,BEAR_STRUCTURE,BEAR_STRUCTURE,0.3,0.95,0.3
2022-05-31 00:00:00+00:00,5,WEAK_BEAR,1.454341064457384e-13,False,54,False,BEAR_STRUCTURE,BEAR_STRUCTURE,0.3,0.3004448400791853712429807497,0.3
2022-06-01 00:00:00+00:00,5,WEAK_BEAR,9.988052936202156e-07,False,54,False,BEAR_STRUCTURE,BEAR_STRUCTURE,0.3,0.2870048605039200340343686841,0.2870048605039200340343686841
2022-06-02 00:00:00+00:00,4,EUPHORIA,0.9999995457065901,True,3,False,BEAR_STRUCTURE,BEAR_STRUCTURE,0.3,0.95,0.3
2022-06-03 00:00:00+00:00,4,EUPHORIA,0.03003038629716045,False,3,False,BEAR_STRUCTURE,BEAR_STRUCTURE,0.3,0.2947726039458384502700723163,0.2947726039458384502700723163
2022-06-04 00:00:00+00:00,4,EUPHORIA,4.040949158592634e-17,False,3,False,BEAR_STRUCTURE,BEAR_STRUCTURE,0.3,0.2959174434686943355355630470,0.2959174434686943355355630470
2022-06-05 00:00:00+00:00,5,WEAK_BEAR,1.0,True,3,False,BEAR_STRUCTURE,BEAR_STRUCTURE,0.3,0.95,0.3
2022-06-06 00:00:00+00:00,5,WEAK_BEAR,0.999999999998181,True,4,False,BEAR_STRUCTURE,BEAR_STRUCTURE,0.3,0.95,0.3
2022-06-07 00:00:00+00:00,5,WEAK_BEAR,1.3528569777531819e-07,False,4,False,BEAR_STRUCTURE,BEAR_STRUCTURE,0.3,0.2983412060571964144471907463,0.2983412060571964144471907463
2022-06-08 00:00:00+00:00,5,WEAK_BEAR,0.7845057036043603,True,5,False,BEAR_STRUCTURE,BEAR_STRUCTURE,0.3,0.95,0.3
2022-06-09 00:00:00+00:00,5,WEAK_BEAR,0.8791879080999462,True,6,False,BEAR_STRUCTURE,BEAR_STRUCTURE,0.3,0.95,0.3
2022-06-10 00:00:00+00:00,5,WEAK_BEAR,0.9999949381982204,True,7,False,BEAR_STRUCTURE,BEAR_STRUCTURE,0.3,0.95,0.3
2022-06-11 00:00:00+00:00,5,WEAK_BEAR,0.999999999998181,True,8,False,BEAR_STRUCTURE,BEAR_STRUCTURE,0.3,0.95,0.3
2022-06-12 00:00:00+00:00,5,WEAK_BEAR,1.0,True,9,False,BEAR_STRUCTURE,BEAR_STRUCTURE,0.3,0.95,0.3
2022-06-13 00:00:00+00:00,5,WEAK_BEAR,1.0,True,10,False,BEAR_STRUCTURE,BEAR_STRUCTURE,0.3,0.95,0.3
2022-06-14 00:00:00+00:00,5,WEAK_BEAR,1.0,True,11,False,BEAR_STRUCTURE,BEAR_STRUCTURE,0.3,0.95,0.3
2022-06-15 00:00:00+00:00,5,WEAK_BEAR,1.0,True,12,False,BEAR_STRUCTURE,BEAR_STRUCTURE,0.3,0.95,0.3
2022-06-16 00:00:00+00:00,5,WEAK_BEAR,1.0,True,13,False,BEAR_STRUCTURE,BEAR_STRUCTURE,0.3,0.95,0.3
2022-06-17 00:00:00+00:00,5,WEAK_BEAR,1.0,True,14,False,BEAR_STRUCTURE,BEAR_STRUCTURE,0.3,0.95,0.3
2022-06-18 00:00:00+00:00,5,WEAK_BEAR,1.0,True,15,False,BEAR_STRUCTURE,BEAR_STRUCTURE,0.3,0.95,0.3
2022-06-19 00:00:00+00:00,5,WEAK_BEAR,1.0,True,16,False,BEAR_STRUCTURE,BEAR_STRUCTURE,0.3,0.95,0.3
2022-06-20 00:00:00+00:00,5,WEAK_BEAR,1.0,True,17,False,BEAR_STRUCTURE,BEAR_STRUCTURE,0.3,0.95,0.3
2022-06-21 00:00:00+00:00,5,WEAK_BEAR,1.0,True,18,False,BEAR_STRUCTURE,BEAR_STRUCTURE,0.3,0.95,0.3
2022-06-22 00:00:00+00:00,5,WEAK_BEAR,1.0,True,19,False,BEAR_STRUCTURE,BEAR_STRUCTURE,0.3,0.95,0.3
2022-06-23 00:00:00+00:00,5,WEAK_BEAR,1.0,True,20,False,BEAR_STRUCTURE,BEAR_STRUCTURE,0.3,0.95,0.3
2022-06-24 00:00:00+00:00,5,WEAK_BEAR,1.0,True,21,False,BEAR_STRUCTURE,BEAR_STRUCTURE,0.3,0.95,0.3
2022-06-25 00:00:00+00:00,5,WEAK_BEAR,1.0,True,22,False,BEAR_STRUCTURE,BEAR_STRUCTURE,0.3,0.95,0.3
2022-06-26 00:00:00+00:00,5,WEAK_BEAR,1.0,True,23,False,BEAR_STRUCTURE,BEAR_STRUCTURE,0.3,0.95,0.3
2022-06-27 00:00:00+00:00,5,WEAK_BEAR,1.0,True,24,False,BEAR_STRUCTURE,BEAR_STRUCTURE,0.3,0.95,0.3
2022-06-28 00:00:00+00:00,5,WEAK_BEAR,1.0,True,25,False,BEAR_STRUCTURE,BEAR_STRUCTURE,0.3,0.95,0.3
2022-06-29 00:00:00+00:00,5,WEAK_BEAR,1.0,True,26,False,BEAR_STRUCTURE,BEAR_STRUCTURE,0.3,0.95,0.3
2022-06-30 00:00:00+00:00,5,WEAK_BEAR,1.0,True,27,False,BEAR_STRUCTURE,BEAR_STRUCTURE,0.3,0.95,0.3
2022-07-01 00:00:00+00:00,5,WEAK_BEAR,1.0,True,28,False,BEAR_STRUCTURE,BEAR_STRUCTURE,0.3,0.95,0.3
2022-07-02 00:00:00+00:00,1,BULL,1.0,True,1,False,BEAR_STRUCTURE,BEAR_STRUCTURE,0.3,0.95,0.3
2022-07-03 00:00:00+00:00,1,BULL,1.0,True,2,False,BEAR_STRUCTURE,BEAR_STRUCTURE,0.3,0.95,0.3
2022-07-04 00:00:00+00:00,1,BULL,1.0,True,3,False,BEAR_STRUCTURE,BEAR_STRUCTURE,0.3,0.95,0.3
2022-07-05 00:00:00+00:00,1,BULL,1.0,True,4,False,BEAR_STRUCTURE,BEAR_STRUCTURE,0.3,0.95,0.3
2022-07-06 00:00:00+00:00,1,BULL,1.0,True,5,False,BEAR_STRUCTURE,BEAR_STRUCTURE,0.3,0.95,0.3
2022-07-07 00:00:00+00:00,1,BULL,0.9999998133071305,True,6,False,BEAR_STRUCTURE,BEAR_STRUCTURE,0.3,0.95,0.3
2022-07-08 00:00:00+00:00,1,BULL,1.0075698030982298e-39,False,6,False,BEAR_STRUCTURE,BEAR_STRUCTURE,0.3,0.2997090512689162323750234125,0.2997090512689162323750234125
2022-07-09 00:00:00+00:00,1,BULL,3.7111811281424996e-23,False,6,False,BEAR_STRUCTURE,BEAR_STRUCTURE,0.3,0.2996806700761488356297232143,0.2996806700761488356297232143
2022-07-10 00:00:00+00:00,0,EUPHORIA,1.0,True,3,False,BEAR_STRUCTURE,BEAR_STRUCTURE,0.3,0.60,0.3
2022-07-11 00:00:00+00:00,0,EUPHORIA,1.0,True,4,False,BEAR_STRUCTURE,BEAR_STRUCTURE,0.3,0.60,0.3
2022-07-12 00:00:00+00:00,0,EUPHORIA,1.0,True,5,False,BEAR_STRUCTURE,BEAR_STRUCTURE,0.3,0.60,0.3
2022-07-13 00:00:00+00:00,0,EUPHORIA,1.0,True,6,False,BEAR_STRUCTURE,BEAR_STRUCTURE,0.3,0.60,0.3
2022-07-14 00:00:00+00:00,0,EUPHORIA,1.0,True,7,False,BEAR_STRUCTURE,BEAR_STRUCTURE,0.3,0.60,0.3
2022-07-15 00:00:00+00:00,0,EUPHORIA,1.0,True,8,False,BEAR_STRUCTURE,BEAR_STRUCTURE,0.3,0.60,0.3
2022-07-16 00:00:00+00:00,0,EUPHORIA,1.0,True,9,False,BEAR_STRUCTURE,BEAR_STRUCTURE,0.3,0.60,0.3
2022-07-17 00:00:00+00:00,0,EUPHORIA,0.9999999997999112,True,10,False,BEAR_STRUCTURE,BEAR_STRUCTURE,0.3,0.60,0.3
2022-07-18 00:00:00+00:00,0,EUPHORIA,1.0,True,11,False,BEAR_STRUCTURE,BEAR_STRUCTURE,0.3,0.60,0.3
2022-07-19 00:00:00+00:00,0,EUPHORIA,1.0,True,12,False,BEAR_STRUCTURE,BEAR_STRUCTURE,0.3,0.60,0.3
2022-07-20 00:00:00+00:00,0,EUPHORIA,1.0,True,13,False,BEAR_STRUCTURE,BEAR_STRUCTURE,0.3,0.60,0.3
2022-07-21 00:00:00+00:00,0,EUPHORIA,1.0,True,14,False,BEAR_STRUCTURE,BEAR_STRUCTURE,0.3,0.60,0.3
2022-07-22 00:00:00+00:00,0,EUPHORIA,1.0,True,15,False,BEAR_STRUCTURE,BEAR_STRUCTURE,0.3,0.60,0.3
2022-07-23 00:00:00+00:00,0,EUPHORIA,1.0,True,16,False,BEAR_STRUCTURE,BEAR_STRUCTURE,0.3,0.60,0.3
2022-07-24 00:00:00+00:00,0,EUPHORIA,1.0,True,17,False,BEAR_STRUCTURE,BEAR_STRUCTURE,0.3,0.60,0.3
2022-07-25 00:00:00+00:00,0,EUPHORIA,0.9999636694266393,True,18,False,BEAR_STRUCTURE,BEAR_STRUCTURE,0.3,0.60,0.3
2022-07-26 00:00:00+00:00,0,EUPHORIA,0.9999999783067326,True,19,False,BEAR_STRUCTURE,BEAR_STRUCTURE,0.3,0.60,0.3
2022-07-27 00:00:00+00:00,0,EUPHORIA,1.0,True,20,False,BEAR_STRUCTURE,BEAR_STRUCTURE,0.3,0.60,0.3
2022-07-28 00:00:00+00:00,0,EUPHORIA,1.0,True,21,False,BEAR_STRUCTURE,BEAR_STRUCTURE,0.3,0.95,0.3
2022-07-29 00:00:00+00:00,0,EUPHORIA,1.0,True,22,False,BEAR_STRUCTURE,BEAR_STRUCTURE,0.3,0.95,0.3
2022-07-30 00:00:00+00:00,0,EUPHORIA,1.0,True,23,False,BEAR_STRUCTURE,BEAR_STRUCTURE,0.3,0.95,0.3
2022-07-31 00:00:00+00:00,0,EUPHORIA,1.0,True,24,False,BEAR_STRUCTURE,BEAR_STRUCTURE,0.3,0.95,0.3
2022-08-01 00:00:00+00:00,0,EUPHORIA,1.0,True,25,False,BEAR_STRUCTURE,BEAR_STRUCTURE,0.3,0.95,0.3
2022-08-02 00:00:00+00:00,0,EUPHORIA,1.0,True,26,False,BEAR_STRUCTURE,BEAR_STRUCTURE,0.3,0.60,0.3
2022-08-03 00:00:00+00:00,0,EUPHORIA,1.0,True,27,False,BEAR_STRUCTURE,BEAR_STRUCTURE,0.3,0.60,0.3
2022-08-04 00:00:00+00:00,0,EUPHORIA,1.0,True,28,False,BEAR_STRUCTURE,BEAR_STRUCTURE,0.3,0.60,0.3
2022-08-05 00:00:00+00:00,0,EUPHORIA,1.0,True,29,False,BEAR_STRUCTURE,BEAR_STRUCTURE,0.3,0.95,0.3
2022-08-06 00:00:00+00:00,0,EUPHORIA,0.9999999687174754,True,30,False,BEAR_STRUCTURE,BEAR_STRUCTURE,0.3,0.60,0.3
2022-08-07 00:00:00+00:00,0,EUPHORIA,0.9999998340449703,True,31,False,BEAR_STRUCTURE,BEAR_STRUCTURE,0.3,0.95,0.3
2022-08-08 00:00:00+00:00,0,EUPHORIA,1.0,True,32,False,BEAR_STRUCTURE,BEAR_STRUCTURE,0.3,0.95,0.3
2022-08-09 00:00:00+00:00,0,EUPHORIA,0.9999771226350569,True,33,False,BEAR_STRUCTURE,BEAR_STRUCTURE,0.3,0.60,0.3
2022-08-10 00:00:00+00:00,0,EUPHORIA,1.0,True,34,False,BEAR_STRUCTURE,BEAR_STRUCTURE,0.3,0.95,0.3
2022-08-11 00:00:00+00:00,0,EUPHORIA,1.0,True,35,False,BEAR_STRUCTURE,BEAR_STRUCTURE,0.3,0.95,0.3
2022-08-12 00:00:00+00:00,0,EUPHORIA,1.0,True,36,False,BEAR_STRUCTURE,BEAR_STRUCTURE,0.3,0.95,0.3
2022-08-13 00:00:00+00:00,0,EUPHORIA,1.0,True,37,False,BEAR_STRUCTURE,BEAR_STRUCTURE,0.3,0.95,0.3
2022-08-14 00:00:00+00:00,0,EUPHORIA,1.0,True,38,False,BEAR_STRUCTURE,BEAR_STRUCTURE,0.3,0.95,0.3
2022-08-15 00:00:00+00:00,0,EUPHORIA,0.999999999956799,True,39,False,BEAR_STRUCTURE,BEAR_STRUCTURE,0.3,0.95,0.3
2022-08-16 00:00:00+00:00,0,EUPHORIA,0.9999992323863116,True,40,False,BEAR_STRUCTURE,BEAR_STRUCTURE,0.3,0.95,0.3
2022-08-17 00:00:00+00:00,0,EUPHORIA,0.9999924379589517,True,41,False,BEAR_STRUCTURE,BEAR_STRUCTURE,0.3,0.60,0.3
2022-08-18 00:00:00+00:00,0,EUPHORIA,0.7875639173420433,True,42,False,BEAR_STRUCTURE,BEAR_STRUCTURE,0.3,0.60,0.3
2022-08-19 00:00:00+00:00,0,EUPHORIA,2.3201481555161802e-07,False,42,False,BEAR_STRUCTURE,BEAR_STRUCTURE,0.3,0.2779831810983805717967301485,0.2779831810983805717967301485
2022-08-20 00:00:00+00:00,0,EUPHORIA,6.166210837343378e-12,False,42,False,BEAR_STRUCTURE,BEAR_STRUCTURE,0.3,0.2809159941799215140959571483,0.2809159941799215140959571483
2022-08-21 00:00:00+00:00,3,BEAR,1.0,True,3,False,BEAR_STRUCTURE,BEAR_STRUCTURE,0.3,0.60,0.3
2022-08-22 00:00:00+00:00,3,BEAR,1.0,True,4,False,BEAR_STRUCTURE,BEAR_STRUCTURE,0.3,0.60,0.3
2022-08-23 00:00:00+00:00,3,BEAR,1.0,True,5,False,BEAR_STRUCTURE,BEAR_STRUCTURE,0.3,0.60,0.3
2022-08-24 00:00:00+00:00,3,BEAR,1.0,True,6,False,BEAR_STRUCTURE,BEAR_STRUCTURE,0.3,0.60,0.3
2022-08-25 00:00:00+00:00,3,BEAR,1.0,True,7,False,BEAR_STRUCTURE,BEAR_STRUCTURE,0.3,0.60,0.3
2022-08-26 00:00:00+00:00,3,BEAR,1.0,True,8,False,BEAR_STRUCTURE,BEAR_STRUCTURE,0.3,0.60,0.3
2022-08-27 00:00:00+00:00,3,BEAR,1.0,True,9,False,BEAR_STRUCTURE,BEAR_STRUCTURE,0.3,0.60,0.3
2022-08-28 00:00:00+00:00,3,BEAR,1.0,True,10,False,BEAR_STRUCTURE,BEAR_STRUCTURE,0.3,0.60,0.3
2022-08-29 00:00:00+00:00,3,BEAR,1.0,True,11,False,BEAR_STRUCTURE,BEAR_STRUCTURE,0.3,0.60,0.3
2022-08-30 00:00:00+00:00,3,BEAR,1.0,True,12,False,BEAR_STRUCTURE,BEAR_STRUCTURE,0.3,0.60,0.3
2022-08-31 00:00:00+00:00,3,BEAR,1.0,True,13,False,BEAR_STRUCTURE,BEAR_STRUCTURE,0.3,0.60,0.3
2022-09-01 00:00:00+00:00,3,BEAR,1.0,True,14,False,BEAR_STRUCTURE,BEAR_STRUCTURE,0.3,0.60,0.3
2022-09-02 00:00:00+00:00,3,BEAR,1.0,True,15,False,BEAR_STRUCTURE,BEAR_STRUCTURE,0.3,0.60,0.3
2022-09-03 00:00:00+00:00,3,BEAR,1.0,True,16,False,BEAR_STRUCTURE,BEAR_STRUCTURE,0.3,0.60,0.3
2022-09-04 00:00:00+00:00,3,BEAR,1.0,True,17,False,BEAR_STRUCTURE,BEAR_STRUCTURE,0.3,0.60,0.3
2022-09-05 00:00:00+00:00,3,BEAR,1.0,True,18,False,BEAR_STRUCTURE,BEAR_STRUCTURE,0.3,0.60,0.3
2022-09-06 00:00:00+00:00,3,BEAR,1.0,True,19,False,BEAR_STRUCTURE,BEAR_STRUCTURE,0.3,0.60,0.3
2022-09-07 00:00:00+00:00,3,BEAR,1.0,True,20,False,BEAR_STRUCTURE,BEAR_STRUCTURE,0.3,0.60,0.3
2022-09-08 00:00:00+00:00,3,BEAR,0.9999999999995453,True,21,False,BEAR_STRUCTURE,BEAR_STRUCTURE,0.3,0.60,0.3
2022-09-09 00:00:00+00:00,3,BEAR,1.0,True,22,False,BEAR_STRUCTURE,BEAR_STRUCTURE,0.3,0.60,0.3
2022-09-10 00:00:00+00:00,3,BEAR,0.9999999858309822,True,23,False,BEAR_STRUCTURE,BEAR_STRUCTURE,0.3,0.95,0.3
2022-09-11 00:00:00+00:00,3,BEAR,0.9999999372507793,True,24,False,BEAR_STRUCTURE,BEAR_STRUCTURE,0.3,0.95,0.3
2022-09-12 00:00:00+00:00,3,BEAR,0.9999436169503187,True,25,False,BEAR_STRUCTURE,BEAR_STRUCTURE,0.3,0.95,0.3
2022-09-13 00:00:00+00:00,3,BEAR,0.00027766622021247996,False,25,False,BEAR_STRUCTURE,BEAR_STRUCTURE,0.3,0.2785259035396565251834502071,0.2785259035396565251834502071
2022-09-14 00:00:00+00:00,3,BEAR,8.043563852600326e-09,False,25,False,BEAR_STRUCTURE,BEAR_STRUCTURE,0.3,0.2790548437828140639145863809,0.2790548437828140639145863809
2022-09-15 00:00:00+00:00,0,EUPHORIA,0.9999998651587794,True,3,False,BEAR_STRUCTURE,BEAR_STRUCTURE,0.3,0.60,0.3
2022-09-16 00:00:00+00:00,0,EUPHORIA,0.9999999999317879,True,4,False,BEAR_STRUCTURE,BEAR_STRUCTURE,0.3,0.60,0.3
2022-09-17 00:00:00+00:00,0,EUPHORIA,0.9999999999995453,True,5,False,BEAR_STRUCTURE,BEAR_STRUCTURE,0.3,0.60,0.3
2022-09-18 00:00:00+00:00,0,EUPHORIA,0.9999999998881322,True,6,False,BEAR_STRUCTURE,BEAR_STRUCTURE,0.3,0.60,0.3
2022-09-19 00:00:00+00:00,0,EUPHORIA,0.9999533967098009,True,7,False,BEAR_STRUCTURE,BEAR_STRUCTURE,0.3,0.60,0.3
2022-09-20 00:00:00+00:00,0,EUPHORIA,0.999572394411746,True,8,False,BEAR_STRUCTURE,BEAR_STRUCTURE,0.3,0.60,0.3
2022-09-21 00:00:00+00:00,0,EUPHORIA,0.9996298543705225,True,9,False,BEAR_STRUCTURE,BEAR_STRUCTURE,0.3,0.60,0.3
2022-09-22 00:00:00+00:00,0,EUPHORIA,0.9999934623956477,True,10,False,BEAR_STRUCTURE,BEAR_STRUCTURE,0.3,0.60,0.3
2022-09-23 00:00:00+00:00,0,EUPHORIA,0.9999999734577617,True,11,False,BEAR_STRUCTURE,BEAR_STRUCTURE,0.3,0.60,0.3
2022-09-24 00:00:00+00:00,0,EUPHORIA,0.9999999819297046,True,12,False,BEAR_STRUCTURE,BEAR_STRUCTURE,0.3,0.60,0.3
2022-09-25 00:00:00+00:00,0,EUPHORIA,0.9999713651862133,True,13,False,BEAR_STRUCTURE,BEAR_STRUCTURE,0.3,0.60,0.3
2022-09-26 00:00:00+00:00,0,EUPHORIA,0.9972311218001324,True,14,False,BEAR_STRUCTURE,BEAR_STRUCTURE,0.3,0.60,0.3
2022-09-27 00:00:00+00:00,0,EUPHORIA,0.9711818470786593,True,15,False,BEAR_STRUCTURE,BEAR_STRUCTURE,0.3,0.60,0.3
2022-09-28 00:00:00+00:00,0,EUPHORIA,0.9999994551623451,True,16,False,BEAR_STRUCTURE,BEAR_STRUCTURE,0.3,0.60,0.3
2022-09-29 00:00:00+00:00,0,EUPHORIA,0.9999494536688288,True,17,False,BEAR_STRUCTURE,BEAR_STRUCTURE,0.3,0.60,0.3
2022-09-30 00:00:00+00:00,0,EUPHORIA,0.9999999711230889,True,18,False,BEAR_STRUCTURE,BEAR_STRUCTURE,0.3,0.60,0.3
2022-10-01 00:00:00+00:00,0,EUPHORIA,0.9999999995598046,True,19,False,BEAR_STRUCTURE,BEAR_STRUCTURE,0.3,0.60,0.3
2022-10-02 00:00:00+00:00,0,EUPHORIA,0.9999996978368019,True,20,False,BEAR_STRUCTURE,BEAR_STRUCTURE,0.3,0.60,0.3
2022-10-03 00:00:00+00:00,0,EUPHORIA,0.9999999526589829,True,21,False,BEAR_STRUCTURE,BEAR_STRUCTURE,0.3,0.60,0.3
2022-10-04 00:00:00+00:00,0,EUPHORIA,0.9999999999968168,True,22,False,BEAR_STRUCTURE,BEAR_STRUCTURE,0.3,0.95,0.3
2022-10-05 00:00:00+00:00,0,EUPHORIA,0.9999999999995453,True,23,False,BEAR_STRUCTURE,BEAR_STRUCTURE,0.3,0.60,0.3
2022-10-06 00:00:00+00:00,0,EUPHORIA,0.9999999998203748,True,24,False,BEAR_STRUCTURE,BEAR_STRUCTURE,0.3,0.60,0.3
2022-10-07 00:00:00+00:00,0,EUPHORIA,0.9999956718718735,True,25,False,BEAR_STRUCTURE,BEAR_STRUCTURE,0.3,0.60,0.3
2022-10-08 00:00:00+00:00,0,EUPHORIA,0.9997832615907166,True,26,False,BEAR_STRUCTURE,BEAR_STRUCTURE,0.3,0.60,0.3
2022-10-09 00:00:00+00:00,0,EUPHORIA,0.9999999753035812,True,27,False,BEAR_STRUCTURE,BEAR_STRUCTURE,0.3,0.60,0.3
2022-10-10 00:00:00+00:00,0,EUPHORIA,0.9999872822085485,True,28,False,BEAR_STRUCTURE,BEAR_STRUCTURE,0.3,0.60,0.3
2022-10-11 00:00:00+00:00,0,EUPHORIA,0.9994697073458819,True,29,False,BEAR_STRUCTURE,BEAR_STRUCTURE,0.3,0.60,0.3
2022-10-12 00:00:00+00:00,0,EUPHORIA,0.42192834394387463,False,29,False,BEAR_STRUCTURE,BEAR_STRUCTURE,0.3,0.3010507997536950368052817236,0.3
2022-10-13 00:00:00+00:00,0,EUPHORIA,0.4559195697321464,False,29,False,BEAR_STRUCTURE,BEAR_STRUCTURE,0.3,0.3024031636678162320408564245,0.3
2022-10-14 00:00:00+00:00,3,BEAR,0.9050819344132395,True,3,False,BEAR_STRUCTURE,BEAR_STRUCTURE,0.3,0.60,0.3
2022-10-15 00:00:00+00:00,3,BEAR,0.9987355318095474,True,4,False,BEAR_STRUCTURE,BEAR_STRUCTURE,0.3,0.60,0.3
2022-10-16 00:00:00+00:00,3,BEAR,0.9999982079850865,True,5,False,BEAR_STRUCTURE,BEAR_STRUCTURE,0.3,0.60,0.3
2022-10-17 00:00:00+00:00,3,BEAR,0.9999537563009452,True,6,False,BEAR_STRUCTURE,BEAR_STRUCTURE,0.3,0.60,0.3
2022-10-18 00:00:00+00:00,3,BEAR,0.999955816702136,True,7,False,BEAR_STRUCTURE,BEAR_STRUCTURE,0.3,0.60,0.3
2022-10-19 00:00:00+00:00,3,BEAR,0.983169820001814,True,8,False,BEAR_STRUCTURE,BEAR_STRUCTURE,0.3,0.60,0.3
2022-10-20 00:00:00+00:00,3,BEAR,0.9335934986688388,True,9,False,BEAR_STRUCTURE,BEAR_STRUCTURE,0.3,0.60,0.3
2022-10-21 00:00:00+00:00,3,BEAR,0.9993490363823834,True,10,False,BEAR_STRUCTURE,BEAR_STRUCTURE,0.3,0.60,0.3
2022-10-22 00:00:00+00:00,3,BEAR,0.999999416167327,True,11,False,BEAR_STRUCTURE,BEAR_STRUCTURE,0.3,0.60,0.3
2022-10-23 00:00:00+00:00,3,BEAR,0.999999976371328,True,12,False,BEAR_STRUCTURE,BEAR_STRUCTURE,0.3,0.60,0.3
2022-10-24 00:00:00+00:00,3,BEAR,0.999999986637704,True,13,False,BEAR_STRUCTURE,BEAR_STRUCTURE,0.3,0.60,0.3
2022-10-25 00:00:00+00:00,3,BEAR,0.9999044449632593,True,14,False,BEAR_STRUCTURE,BEAR_STRUCTURE,0.3,0.95,0.3
2022-10-26 00:00:00+00:00,3,BEAR,3.6268602962884603e-12,False,14,False,BEAR_STRUCTURE,BEAR_STRUCTURE,0.3,0.3071706209277126371476178298,0.3
2022-10-27 00:00:00+00:00,3,BEAR,0.049078307459810414,False,14,False,BEAR_STRUCTURE,BEAR_STRUCTURE,0.3,0.2951515645596049040941107786,0.2951515645596049040941107786
2022-10-28 00:00:00+00:00,0,EUPHORIA,0.9999996151564859,True,3,False,BEAR_STRUCTURE,BEAR_STRUCTURE,0.3,0.95,0.3
2022-10-29 00:00:00+00:00,0,EUPHORIA,1.0,True,4,False,BEAR_STRUCTURE,BEAR_STRUCTURE,0.3,0.95,0.3
2022-10-30 00:00:00+00:00,0,EUPHORIA,1.0,True,5,False,BEAR_STRUCTURE,BEAR_STRUCTURE,0.3,0.95,0.3
2022-10-31 00:00:00+00:00,0,EUPHORIA,1.0,True,6,False,BEAR_STRUCTURE,BEAR_STRUCTURE,0.3,0.95,0.3
2022-11-01 00:00:00+00:00,0,EUPHORIA,1.0,True,7,False,BEAR_STRUCTURE,BEAR_STRUCTURE,0.3,0.95,0.3
2022-11-02 00:00:00+00:00,0,EUPHORIA,0.9999999202373179,True,8,False,BEAR_STRUCTURE,BEAR_STRUCTURE,0.3,0.95,0.3
2022-11-03 00:00:00+00:00,0,EUPHORIA,1.0,True,9,False,BEAR_STRUCTURE,BEAR_STRUCTURE,0.3,0.95,0.3
2022-11-04 00:00:00+00:00,0,EUPHORIA,1.0,True,10,False,BEAR_STRUCTURE,BEAR_STRUCTURE,0.3,0.95,0.3
2022-11-05 00:00:00+00:00,0,EUPHORIA,1.0,True,11,False,BEAR_STRUCTURE,BEAR_STRUCTURE,0.3,0.95,0.3
2022-11-06 00:00:00+00:00,0,EUPHORIA,1.0,True,12,False,BEAR_STRUCTURE,BEAR_STRUCTURE,0.3,0.95,0.3
2022-11-07 00:00:00+00:00,0,EUPHORIA,0.9999999973852027,True,13,False,BEAR_STRUCTURE,BEAR_STRUCTURE,0.3,0.95,0.3
2022-11-08 00:00:00+00:00,0,EUPHORIA,3.1797394816497695e-10,False,13,False,BEAR_STRUCTURE,BEAR_STRUCTURE,0.3,0.2785184434875007599105627932,0.2785184434875007599105627932
2022-11-09 00:00:00+00:00,0,EUPHORIA,0.07375145560183773,False,13,False,BEAR_STRUCTURE,BEAR_STRUCTURE,0.3,0.2489181861302910070694458035,0.2489181861302910070694458035
2022-11-10 00:00:00+00:00,0,EUPHORIA,1.0,True,14,False,BEAR_STRUCTURE,BEAR_STRUCTURE,0.3,0.60,0.3
2022-11-11 00:00:00+00:00,0,EUPHORIA,1.0,True,15,False,BEAR_STRUCTURE,BEAR_STRUCTURE,0.3,0.60,0.3
2022-11-12 00:00:00+00:00,0,EUPHORIA,0.9999999999918145,True,16,False,BEAR_STRUCTURE,BEAR_STRUCTURE,0.3,0.60,0.3
2022-11-13 00:00:00+00:00,0,EUPHORIA,0.9999838292167256,True,17,False,BEAR_STRUCTURE,BEAR_STRUCTURE,0.3,0.60,0.3
2022-11-14 00:00:00+00:00,0,EUPHORIA,3.265821173901994e-08,False,17,False,BEAR_STRUCTURE,BEAR_STRUCTURE,0.3,0.3036797855867465211618661799,0.3
2022-11-15 00:00:00+00:00,0,EUPHORIA,2.323586093371758e-19,False,17,False,BEAR_STRUCTURE,BEAR_STRUCTURE,0.3,0.3035557442337910356897056257,0.3
2022-11-16 00:00:00+00:00,3,BEAR,0.9938318179330855,True,3,False,BEAR_STRUCTURE,BEAR_STRUCTURE,0.3,0.60,0.3
2022-11-17 00:00:00+00:00,3,BEAR,0.4208571878392599,False,3,False,BEAR_STRUCTURE,BEAR_STRUCTURE,0.3,0.3003893795724984806846823593,0.3
2022-11-18 00:00:00+00:00,3,BEAR,0.9996464539479571,True,4,False,BEAR_STRUCTURE,BEAR_STRUCTURE,0.3,0.60,0.3
2022-11-19 00:00:00+00:00,3,BEAR,0.999999999996362,True,5,False,BEAR_STRUCTURE,BEAR_STRUCTURE,0.3,0.60,0.3
2022-11-20 00:00:00+00:00,3,BEAR,0.9960962389052647,True,6,False,BEAR_STRUCTURE,BEAR_STRUCTURE,0.3,0.60,0.3
2022-11-21 00:00:00+00:00,3,BEAR,0.07785791116298939,False,6,False,BEAR_STRUCTURE,BEAR_STRUCTURE,0.3,0.2935143231249582188264484793,0.2935143231249582188264484793
2022-11-22 00:00:00+00:00,3,BEAR,1.5194120774053223e-08,False,6,False,BEAR_STRUCTURE,BEAR_STRUCTURE,0.3,0.2993219568402083890490664632,0.2993219568402083890490664632
2022-11-23 00:00:00+00:00,1,BULL,1.0,True,3,False,BEAR_STRUCTURE,BEAR_STRUCTURE,0.3,0.95,0.3
2022-11-24 00:00:00+00:00,1,BULL,1.0,True,4,False,BEAR_STRUCTURE,BEAR_STRUCTURE,0.3,0.95,0.3
2022-11-25 00:00:00+00:00,1,BULL,1.0,True,5,False,BEAR_STRUCTURE,BEAR_STRUCTURE,0.3,0.95,0.3
2022-11-26 00:00:00+00:00,1,BULL,1.0,True,6,False,BEAR_STRUCTURE,BEAR_STRUCTURE,0.3,0.95,0.3
2022-11-27 00:00:00+00:00,1,BULL,1.0,True,7,False,BEAR_STRUCTURE,BEAR_STRUCTURE,0.3,0.95,0.3
2022-11-28 00:00:00+00:00,1,BULL,1.0,True,8,False,BEAR_STRUCTURE,BEAR_STRUCTURE,0.3,0.95,0.3
2022-11-29 00:00:00+00:00,1,BULL,2.0713635760336283e-06,False,8,False,BEAR_STRUCTURE,BEAR_STRUCTURE,0.3,0.3029704519639999174345731059,0.3
2022-11-30 00:00:00+00:00,1,BULL,0.0005498420522597189,False,8,False,BEAR_STRUCTURE,BEAR_STRUCTURE,0.3,0.3090853018590134795104706555,0.3
2022-12-01 00:00:00+00:00,0,EUPHORIA,0.9999999935234882,True,3,False,BEAR_STRUCTURE,BEAR_STRUCTURE,0.3,0.60,0.3
2022-12-02 00:00:00+00:00,0,EUPHORIA,0.9999999999827196,True,4,False,BEAR_STRUCTURE,BEAR_STRUCTURE,0.3,0.60,0.3
2022-12-03 00:00:00+00:00,0,EUPHORIA,1.0,True,5,False,BEAR_STRUCTURE,BEAR_STRUCTURE,0.3,0.60,0.3
2022-12-04 00:00:00+00:00,0,EUPHORIA,1.0,True,6,False,BEAR_STRUCTURE,BEAR_STRUCTURE,0.3,0.60,0.3
2022-12-05 00:00:00+00:00,0,EUPHORIA,0.9999993824614736,True,7,False,BEAR_STRUCTURE,BEAR_STRUCTURE,0.3,0.60,0.3
2022-12-06 00:00:00+00:00,0,EUPHORIA,0.9999999991714503,True,8,False,BEAR_STRUCTURE,BEAR_STRUCTURE,0.3,0.60,0.3
2022-12-07 00:00:00+00:00,0,EUPHORIA,0.9999992674468513,True,9,False,BEAR_STRUCTURE,BEAR_STRUCTURE,0.3,0.60,0.3
2022-12-08 00:00:00+00:00,0,EUPHORIA,0.9999998335015473,True,10,False,BEAR_STRUCTURE,BEAR_STRUCTURE,0.3,0.60,0.3
2022-12-09 00:00:00+00:00,0,EUPHORIA,0.9999997357727246,True,11,False,BEAR_STRUCTURE,BEAR_STRUCTURE,0.3,0.60,0.3
2022-12-10 00:00:00+00:00,0,EUPHORIA,0.9999999996343831,True,12,False,BEAR_STRUCTURE,BEAR_STRUCTURE,0.3,0.60,0.3
2022-12-11 00:00:00+00:00,0,EUPHORIA,1.0,True,13,False,BEAR_STRUCTURE,BEAR_STRUCTURE,0.3,0.60,0.3
2022-12-12 00:00:00+00:00,0,EUPHORIA,0.9999999952597136,True,14,False,BEAR_STRUCTURE,BEAR_STRUCTURE,0.3,0.60,0.3
2022-12-13 00:00:00+00:00,0,EUPHORIA,0.9999999994424797,True,15,False,BEAR_STRUCTURE,BEAR_STRUCTURE,0.3,0.95,0.3
2022-12-14 00:00:00+00:00,0,EUPHORIA,0.9999999998644853,True,16,False,BEAR_STRUCTURE,BEAR_STRUCTURE,0.3,0.95,0.3
2022-12-15 00:00:00+00:00,0,EUPHORIA,0.1986462650311929,False,16,False,BEAR_STRUCTURE,BEAR_STRUCTURE,0.3,0.2950111923034863747994293052,0.2950111923034863747994293052
2022-12-16 00:00:00+00:00,0,EUPHORIA,9.92981882962562e-13,False,16,False,BEAR_STRUCTURE,BEAR_STRUCTURE,0.3,0.2862247647269818063145842838,0.2862247647269818063145842838
2022-12-17 00:00:00+00:00,3,BEAR,0.9999999875708455,True,3,False,BEAR_STRUCTURE,BEAR_STRUCTURE,0.3,0.60,0.3
2022-12-18 00:00:00+00:00,3,BEAR,0.9999990939945304,True,4,False,BEAR_STRUCTURE,BEAR_STRUCTURE,0.3,0.60,0.3
2022-12-19 00:00:00+00:00,3,BEAR,0.994369210339402,True,5,False,BEAR_STRUCTURE,BEAR_STRUCTURE,0.3,0.60,0.3
2022-12-20 00:00:00+00:00,3,BEAR,0.9999998976209151,True,6,False,BEAR_STRUCTURE,BEAR_STRUCTURE,0.3,0.60,0.3
2022-12-21 00:00:00+00:00,3,BEAR,0.9999855483091036,True,7,False,BEAR_STRUCTURE,BEAR_STRUCTURE,0.3,0.60,0.3
2022-12-22 00:00:00+00:00,3,BEAR,0.999423485273087,True,8,False,BEAR_STRUCTURE,BEAR_STRUCTURE,0.3,0.60,0.3
2022-12-23 00:00:00+00:00,3,BEAR,0.9674285322663726,True,9,False,BEAR_STRUCTURE,BEAR_STRUCTURE,0.3,0.60,0.3
2022-12-24 00:00:00+00:00,3,BEAR,0.9147881370425033,True,10,False,BEAR_STRUCTURE,BEAR_STRUCTURE,0.3,0.60,0.3
2022-12-25 00:00:00+00:00,3,BEAR,0.5109191114814183,True,11,False,BEAR_STRUCTURE,BEAR_STRUCTURE,0.3,0.3000920251806423997492559316,0.3
2022-12-26 00:00:00+00:00,3,BEAR,0.21714796389468563,False,11,False,BEAR_STRUCTURE,BEAR_STRUCTURE,0.3,0.3011794426447032992228952650,0.3
2022-12-27 00:00:00+00:00,3,BEAR,0.00021937290366319957,False,11,False,BEAR_STRUCTURE,BEAR_STRUCTURE,0.3,0.2973440451017863532609736434,0.2973440451017863532609736434
2022-12-28 00:00:00+00:00,1,BULL,0.9999999811434466,True,3,False,BEAR_STRUCTURE,BEAR_STRUCTURE,0.3,0.95,0.3
2022-12-29 00:00:00+00:00,1,BULL,0.999999999996362,True,4,False,BEAR_STRUCTURE,BEAR_STRUCTURE,0.3,0.95,0.3
2022-12-30 00:00:00+00:00,1,BULL,1.0,True,5,False,BEAR_STRUCTURE,BEAR_STRUCTURE,0.3,0.95,0.3
2022-12-31 00:00:00+00:00,2,WEAK_BEAR,1.0,True,1,False,BEAR_STRUCTURE,BEAR_STRUCTURE,0.3,0.95,0.3
