timestamp,delta_qty,price,fee,slippage_cost,notional
2021-02-20 12:00:00+00:00,0.168571,56355.94,9.49997716174,2.849993148522,9499.97716174
2021-02-26 12:00:00+00:00,-0.083511,46427.65,3.87721947915,1.163165843745,3877.21947915
2021-02-28 12:00:00+00:00,0.087204,45287.25,3.949229349,1.1847688047,3949.22934900
2021-03-25 12:00:00+00:00,-0.086747,52163.2,4.5250011104,1.35750033312,4525.0011104
2021-03-27 12:00:00+00:00,0.081655,54442.89,4.44553418295,1.333660254885,4445.53418295
2021-03-31 12:00:00+00:00,-0.083891,58015.02,4.86693804282,1.460081412846,4866.93804282
2021-04-02 12:00:00+00:00,0.080937,59542.78,4.81921398486,1.445764195458,4819.21398486
2021-04-12 12:00:00+00:00,-0.082206,60241.5,4.952212749,1.4856638247,4952.2127490
2021-04-14 12:00:00+00:00,0.076220,64509.48,4.9169125656,1.47507376968,4916.91256560
2021-04-15 12:00:00+00:00,-0.079028,62359.11,4.92811574508,1.478434723524,4928.11574508
2021-04-17 12:00:00+00:00,0.081115,60886.93,4.93884332695,1.481652998085,4938.84332695
2021-04-18 12:00:00+00:00,-0.079647,53299.32,4.24513094004,1.273539282012,4245.13094004
2021-04-20 12:00:00+00:00,0.076113,56266.83,4.28263723179,1.284791169537,4282.63723179
2021-04-21 12:00:00+00:00,-0.057670,54563.36,3.1466689712,0.94400069136,3146.66897120
2021-04-27 12:00:00+00:00,0.057077,55152.43,3.14793524711,0.944380574133,3147.93524711
2021-04-28 12:00:00+00:00,-0.057563,54853.26,3.15751820538,0.947255461614,3157.51820538
2021-05-01 12:00:00+00:00,0.054265,57816.91,3.13743462115,0.941230386345,3137.43462115
2021-05-05 12:00:00+00:00,-0.056137,55108.95,3.09365112615,0.928095337845,3093.65112615
2021-05-06 12:00:00+00:00,0.053334,57988.0,3.092731992,0.9278195976,3092.7319920
2021-05-08 12:00:00+00:00,-0.075115,58556.09,4.39844070035,1.319532210105,4398.44070035
2021-05-10 12:00:00+00:00,0.075541,58070.63,4.38671346083,1.316014038249,4386.71346083
2021-05-13 12:00:00+00:00,-0.074686,49777.01,3.71764576886,1.115293730658,3717.64576886
2021-06-13 12:00:00+00:00,0.039306,35904.02,1.41124341012,0.423373023036,1411.24341012
2021-06-14 12:00:00+00:00,-0.003864,39166.33,0.15133869912,0.045401609736,151.33869912
2021-06-15 12:00:00+00:00,-0.000756,39839.9,0.0301189644,0.00903568932,30.1189644
2021-06-16 12:00:00+00:00,0.000859,39080.01,0.03356972859,0.010070918577,33.56972859
2021-06-18 12:00:00+00:00,0.001486,37818.57,0.05619839502,0.016859518506,56.19839502
2021-06-19 12:00:00+00:00,0.002358,35940.22,0.08474703876,0.025424111628,84.74703876
2021-06-20 12:00:00+00:00,0.002814,33870.56,0.09531175584,0.028593526752,95.31175584
2021-06-28 12:00:00+00:00,-0.059182,34107.2,2.0185323104,0.60555969312,2018.5323104
2021-06-30 12:00:00+00:00,0.057051,34849.99,1.98822677949,0.596468033847,1988.22677949
2021-07-03 12:00:00+00:00,-0.057812,34608.04,2.00076000848,0.600228002544,2000.76000848
2021-07-04 12:00:00+00:00,0.055976,35512.34,1.98783874384,0.596351623152,1987.83874384
2021-07-10 12:00:00+00:00,-0.055896,33793.95,1.8889466292,0.56668398876,1888.94662920
2021-07-12 12:00:00+00:00,0.058768,33530.0,1.97049104,0.591147312,1970.4910400
2021-07-13 12:00:00+00:00,0.000643,33042.61,0.02124639823,0.006373919469,21.24639823
2021-07-14 12:00:00+00:00,0.000857,32450.95,0.02781046415,0.008343139245,27.81046415
2021-07-15 12:00:00+00:00,0.000847,31880.5,0.0270027835,0.00810083505,27.0027835
2021-07-16 12:00:00+00:00,0.001218,31086.52,0.03786338136,0.011359014408,37.86338136
2021-07-17 12:00:00+00:00,-0.000469,31391.34,0.01472253846,0.004416761538,14.72253846
2021-07-18 12:00:00+00:00,-0.000620,31801.79,0.0197171098,0.00591513294,19.71710980
2021-07-22 12:00:00+00:00,-0.000168,31913.64,0.00536149152,0.001608447456,5.36149152
2021-07-23 12:00:00+00:00,-0.000565,32296.51,0.01824752815,0.005474258445,18.24752815
2021-07-24 12:00:00+00:00,-0.002202,33867.0,0.074575134,0.0223725402,74.5751340
2021-07-25 12:00:00+00:00,-0.000722,34399.04,0.02483610688,0.007450832064,24.83610688
2021-07-26 12:00:00+00:00,-0.004905,38473.61,0.18871305705,0.056613917115,188.71305705
2021-07-28 12:00:00+00:00,-0.002481,40750.84,0.10110283404,0.030330850212,101.10283404
2021-07-30 12:00:00+00:00,0.002354,38650.0,0.09098210,0.027294630,90.9821000
2021-07-31 12:00:00+00:00,-0.003135,41592.14,0.1303913589,0.03911740767,130.39135890
2021-08-05 12:00:00+00:00,0.004055,38008.45,0.15412426475,0.046237279425,154.12426475
2021-08-06 12:00:00+00:00,-0.002758,40507.56,0.11171985048,0.033515955144,111.71985048
2021-08-07 12:00:00+00:00,-0.003276,43800.03,0.14348889828,0.043046669484,143.48889828
2021-08-08 12:00:00+00:00,-0.000622,44452.05,0.0276491751,0.00829475253,27.64917510
2021-08-09 12:00:00+00:00,-0.001352,45930.01,0.06209737352,0.018629212056,62.09737352
2021-08-10 12:00:00+00:00,0.000534,45345.05,0.0242142567,0.00726427701,24.21425670
2021-08-11 12:00:00+00:00,-0.000524,45922.33,0.02406330092,0.007218990276,24.06330092
2021-08-12 12:00:00+00:00,0.001083,44752.56,0.04846702248,0.014540106744,48.46702248
2021-08-13 12:00:00+00:00,0.059099,46138.46,2.72673684754,0.818021054262,2726.73684754
2021-08-15 12:00:00+00:00,-0.081933,45923.57,3.76265586081,1.128796758243,3762.65586081
2021-08-17 12:00:00+00:00,0.080107,46845.15,3.75262443105,1.125787329315,3752.62443105
2021-08-19 12:00:00+00:00,-0.059447,44215.24,2.62846337228,0.788539011684,2628.46337228
2021-08-20 12:00:00+00:00,0.056008,46922.34,2.62802641872,0.788407925616,2628.02641872
2021-09-12 12:00:00+00:00,-0.079246,46085.91,3.65212402386,1.095637207158,3652.12402386
2021-09-14 12:00:00+00:00,0.020940,45973.79,0.9626911626,0.28880734878,962.69116260
2021-09-17 12:00:00+00:00,0.056544,47403.56,2.68038689664,0.804116068992,2680.38689664
2021-09-20 12:00:00+00:00,-0.078111,43734.0,3.416106474,1.0248319422,3416.1064740
2021-09-22 12:00:00+00:00,-0.027900,41928.31,1.169799849,0.3509399547,1169.79984900
2021-09-23 12:00:00+00:00,-0.001411,43648.15,0.06158753965,0.018476261895,61.58753965
2021-09-24 12:00:00+00:00,0.001764,41527.5,0.07325451,0.021976353,73.2545100
2021-09-25 12:00:00+00:00,-0.000807,42485.03,0.03428541921,0.010285625763,34.28541921
2021-09-26 12:00:00+00:00,-0.000474,43063.57,0.02041213218,0.006123639654,20.41213218
2021-09-27 12:00:00+00:00,-0.000546,43747.68,0.02388623328,0.007165869984,23.88623328
2021-09-28 12:00:00+00:00,0.001346,42105.61,0.05667415106,0.017002245318,56.67415106
2021-09-29 12:00:00+00:00,-0.000246,42399.98,0.01043039508,0.003129118524,10.43039508
2021-09-30 12:00:00+00:00,-0.000551,43072.29,0.02373283179,0.007119849537,23.73283179
2021-10-01 12:00:00+00:00,-0.003246,47488.07,0.15414627522,0.046243882566,154.14627522
2021-10-02 12:00:00+00:00,-0.000135,47683.46,0.0064372671,0.00193118013,6.43726710
2021-10-03 12:00:00+00:00,-0.000198,47974.86,0.00949902228,0.002849706684,9.49902228
2021-10-04 12:00:00+00:00,0.000265,47585.84,0.0126102476,0.00378307428,12.61024760
2021-10-05 12:00:00+00:00,0.043559,49877.06,2.17259485654,0.651778456962,2172.59485654
2021-10-06 12:00:00+00:00,-0.001038,51306.57,0.05325621966,0.015976865898,53.25621966
2021-10-07 12:00:00+00:00,-0.001968,54305.53,0.10687328304,0.032061984912,106.87328304
2021-10-08 12:00:00+00:00,-0.000593,55242.71,0.03275892703,0.009827678109,32.75892703
2021-10-09 12:00:00+00:00,0.000284,54792.68,0.01556112112,0.004668336336,15.56112112
2021-10-10 12:00:00+00:00,-0.000222,55145.0,0.01224219,0.003672657,12.2421900
2021-10-11 12:00:00+00:00,-0.000775,56406.68,0.043715177,0.0131145531,43.71517700
2021-10-12 12:00:00+00:00,-0.000500,57240.14,0.028620070,0.0085860210,28.62007000
2021-10-13 12:00:00+00:00,0.001254,55210.8,0.0692343432,0.02077030296,69.2343432
2021-10-14 12:00:00+00:00,-0.001450,57622.42,0.083552509,0.0250657527,83.55250900
2021-10-15 12:00:00+00:00,-0.001091,59527.99,0.06494503709,0.019483511127,64.94503709
2021-10-16 12:00:00+00:00,-0.001130,61597.26,0.0696049038,0.02088147114,69.60490380
2021-10-19 12:00:00+00:00,-0.000284,62128.39,0.01764446276,0.005293338828,17.64446276
2021-10-20 12:00:00+00:00,-0.000860,63788.0,0.05485768,0.016457304,54.8576800
2021-10-21 12:00:00+00:00,-0.000529,64836.51,0.03429851379,0.010289554137,34.29851379
2021-10-28 12:00:00+00:00,-0.046513,60960.62,2.83546131806,0.850638395418,2835.46131806
2021-10-31 12:00:00+00:00,0.049050,60467.81,2.9659460805,0.88978382415,2965.94608050
2021-11-01 12:00:00+00:00,-0.000764,61808.0,0.047221312,0.0141663936,47.2213120
2021-11-02 12:00:00+00:00,-0.000584,62913.3,0.0367413672,0.01102241016,36.7413672
2021-11-03 12:00:00+00:00,0.047906,63107.29,3.02321783474,0.906965350422,3023.21783474
2021-11-05 12:00:00+00:00,-0.065085,61259.63,3.98708301855,1.196124905565,3987.08301855
2021-11-07 12:00:00+00:00,0.064420,61911.41,3.9883330322,1.19649990966,3988.33303220
2021-11-08 12:00:00+00:00,-0.065060,66037.21,4.2963808826,1.28891426478,4296.38088260
2021-11-11 12:00:00+00:00,0.065311,65255.87,4.26192612557,1.278577837671,4261.92612557
2021-11-12 12:00:00+00:00,-0.064911,63753.19,4.13828331609,1.241484994827,4138.28331609
2021-11-20 12:00:00+00:00,0.070862,58625.67,4.15433222754,1.246299668262,4154.33222754
2021-11-29 12:00:00+00:00,-0.067862,56883.29,3.86021382598,1.158064147794,3860.21382598
2022-01-24 12:00:00+00:00,0.048819,33697.12,1.64505970128,0.493517910384,1645.05970128
2022-01-25 12:00:00+00:00,-0.003511,36406.0,0.127821466,0.0383464398,127.8214660
2022-01-26 12:00:00+00:00,-0.057638,38072.77,2.19443831726,0.658331495178,2194.43831726
2022-01-28 12:00:00+00:00,0.059078,36447.67,2.15325544826,0.645976634478,2153.25544826
2022-01-29 12:00:00+00:00,-0.001611,37736.06,0.06079279266,0.018237837798,60.79279266
2022-01-30 12:00:00+00:00,-0.000445,38110.03,0.01695896335,0.005087689005,16.95896335
2022-01-31 12:00:00+00:00,0.001021,37265.15,0.03804771815,0.011414315445,38.04771815
2022-02-01 12:00:00+00:00,-0.001373,38425.05,0.05275759365,0.015827278095,52.75759365
2022-02-03 12:00:00+00:00,0.002001,36785.0,0.073606785,0.0220820355,73.6067850
2022-02-04 12:00:00+00:00,-0.001241,37810.0,0.04692221,0.014076663,46.9222100
2022-02-05 12:00:00+00:00,-0.003953,41430.0,0.16377279,0.049131837,163.7727900
2022-02-07 12:00:00+00:00,-0.001321,42720.03,0.05643315963,0.016929947889,56.43315963
2022-02-08 12:00:00+00:00,-0.001244,43988.3,0.0547214452,0.01641643356,54.7214452
2022-02-10 12:00:00+00:00,-0.000805,44834.09,0.03609144245,0.010827432735,36.09144245
2022-02-11 12:00:00+00:00,0.001440,43357.53,0.0624348432,0.01873045296,62.43484320
2022-02-12 12:00:00+00:00,0.000960,42406.48,0.0407102208,0.01221306624,40.71022080
2022-02-14 12:00:00+00:00,0.000301,42112.71,0.01267592571,0.003802777713,12.67592571
2022-02-15 12:00:00+00:00,-0.002080,44233.6,0.092005888,0.0276017664,92.0058880
2022-02-19 12:00:00+00:00,0.004688,39842.53,0.18678178064,0.056034534192,186.78178064
2022-02-20 12:00:00+00:00,0.001732,38343.99,0.06641179068,0.019923537204,66.41179068
2022-02-21 12:00:00+00:00,0.000921,37576.1,0.0346075881,0.01038227643,34.6075881
2022-02-23 12:00:00+00:00,-0.001416,38782.91,0.05491660056,0.016474980168,54.91660056
2022-02-24 12:00:00+00:00,0.004233,35442.23,0.15002695959,0.045008087877,150.02695959
2022-02-25 12:00:00+00:00,-0.003977,38745.0,0.154088865,0.0462266595,154.0888650
2022-02-26 12:00:00+00:00,-0.000215,38928.22,0.0083695673,0.00251087019,8.36956730
2022-02-27 12:00:00+00:00,-0.000628,39479.8,0.0247933144,0.00743799432,24.7933144
2022-02-28 12:00:00+00:00,0.001335,38333.65,0.05117542275,0.015352626825,51.17542275
2022-03-01 12:00:00+00:00,-0.005472,43609.96,0.23863370112,0.071590110336,238.63370112
2022-03-02 12:00:00+00:00,-0.000485,44103.29,0.02139009565,0.006417028695,21.39009565
2022-03-03 12:00:00+00:00,0.000711,43382.23,0.03084476553,0.009253429659,30.84476553
2022-03-04 12:00:00+00:00,0.001780,41662.06,0.0741584668,0.02224754004,74.15846680
2022-03-05 12:00:00+00:00,0.002836,39129.58,0.11097148888,0.033291446664,110.97148888
2022-03-06 12:00:00+00:00,0.000909,38352.48,0.03486240432,0.010458721296,34.86240432
2022-03-08 12:00:00+00:00,-0.057032,38983.05,2.2232813076,0.66698439228,2223.28130760
2022-03-09 12:00:00+00:00,-0.002983,42151.65,0.12573837195,0.037721511585,125.73837195
2022-03-12 12:00:00+00:00,0.002933,39079.17,0.11461920561,0.034385761683,114.61920561
2022-03-13 12:00:00+00:00,0.000342,38741.13,0.01324946646,0.003974839938,13.24946646
2022-03-14 12:00:00+00:00,-0.000160,38897.64,0.0062236224,0.00186708672,6.22362240
2022-03-15 12:00:00+00:00,0.000259,38645.01,0.01000905759,0.003002717277,10.00905759
2022-03-16 12:00:00+00:00,-0.001838,40521.6,0.0744787008,0.02234361024,74.4787008
2022-03-17 12:00:00+00:00,-0.000215,40748.5,0.0087609275,0.00262827825,8.7609275
2022-03-18 12:00:00+00:00,0.000339,40390.4,0.0136923456,0.00410770368,13.6923456
2022-03-19 12:00:00+00:00,-0.001228,41721.78,0.05123434584,0.015370303752,51.23434584
2022-03-20 12:00:00+00:00,0.000122,41586.85,0.0050735957,0.00152207871,5.07359570
2022-03-21 12:00:00+00:00,0.000313,41244.27,0.01290945651,0.003872836953,12.90945651
2022-03-22 12:00:00+00:00,-0.001534,42983.0,0.065935922,0.0197807766,65.9359220
2022-03-23 12:00:00+00:00,0.000826,42039.77,0.03472485002,0.010417455006,34.72485002
2022-03-24 12:00:00+00:00,-0.000810,42968.42,0.0348044202,0.01044132606,34.80442020
2022-03-25 12:00:00+00:00,-0.001337,44585.28,0.05961051936,0.017883155808,59.61051936
2022-03-26 12:00:00+00:00,0.000203,44334.5,0.0089999035,0.00269997105,8.9999035
2022-03-27 12:00:00+00:00,-0.000190,44569.5,0.008468205,0.0025404615,8.4682050
2022-03-28 12:00:00+00:00,-0.002041,47252.54,0.09644243414,0.028932730242,96.44243414
2022-03-29 12:00:00+00:00,-0.000464,47896.09,0.02222378576,0.006667135728,22.22378576
2022-03-30 12:00:00+00:00,0.000416,47319.92,0.01968508672,0.005905526016,19.68508672
2022-03-31 12:00:00+00:00,0.000122,47152.0,0.005752544,0.0017257632,5.7525440
2022-04-01 12:00:00+00:00,0.001601,45064.25,0.07214786425,0.021644359275,72.14786425
2022-04-02 12:00:00+00:00,-0.001134,46542.84,0.05277958056,0.015833874168,52.77958056
2022-04-03 12:00:00+00:00,0.000219,46252.59,0.01012931721,0.003038795163,10.12931721
2022-04-05 12:00:00+00:00,-0.000324,46683.37,0.01512541188,0.004537623564,15.12541188
2022-04-06 12:00:00+00:00,0.001448,44819.19,0.06489818712,0.019469456136,64.89818712
2022-04-07 12:00:00+00:00,0.000861,43766.75,0.03768317175,0.011304951525,37.68317175
2022-04-08 12:00:00+00:00,0.000394,43298.79,0.01705972326,0.005117916978,17.05972326
2022-04-09 12:00:00+00:00,0.000738,42445.09,0.03132447642,0.009397342926,31.32447642
2022-04-10 12:00:00+00:00,-0.000206,42680.35,0.0087921521,0.00263764563,8.79215210
2022-04-11 12:00:00+00:00,0.001456,41067.64,0.05979448384,0.017938345152,59.79448384
2022-04-12 12:00:00+00:00,0.000650,40378.0,0.02624570,0.007873710,26.2457000
2022-04-14 12:00:00+00:00,-0.000511,40919.99,0.02091011489,0.006273034467,20.91011489
2022-04-17 12:00:00+00:00,0.000430,40464.77,0.0173998511,0.00521995533,17.39985110
2022-04-18 12:00:00+00:00,0.001447,38998.54,0.05643088738,0.016929266214,56.43088738
2022-04-19 12:00:00+00:00,-0.001640,40687.3,0.066727172,0.0200181516,66.7271720
2022-04-20 12:00:00+00:00,-0.001279,42090.01,0.05383312279,0.016149936837,53.83312279
2022-04-21 12:00:00+00:00,-0.000310,42440.01,0.0131564031,0.00394692093,13.15640310
2022-04-24 12:00:00+00:00,0.002662,39609.11,0.10543945082,0.031631835246,105.43945082
2022-04-25 12:00:00+00:00,0.000782,38832.29,0.03036685078,0.009110055234,30.36685078
2022-04-26 12:00:00+00:00,-0.001603,40467.03,0.06486864909,0.019460594727,64.86864909
2022-04-27 12:00:00+00:00,0.001432,39017.19,0.05587261608,0.016761784824,55.87261608
2022-04-28 12:00:00+00:00,-0.000661,39679.31,0.02622802391,0.007868407173,26.22802391
2022-04-30 12:00:00+00:00,0.001114,38580.0,0.04297812,0.012893436,42.9781200
2022-05-01 12:00:00+00:00,0.000669,37942.78,0.02538371982,0.007615115946,25.38371982
2022-05-02 12:00:00+00:00,-0.000614,38528.78,0.02365667092,0.007097001276,23.65667092
2022-05-04 12:00:00+00:00,-0.000485,39002.31,0.01891612035,0.005674836105,18.91612035
2022-05-05 12:00:00+00:00,-0.000491,39492.84,0.01939098444,0.005817295332,19.39098444
2022-05-08 12:00:00+00:00,0.005305,34786.25,0.18454105625,0.055362316875,184.54105625
2022-05-09 12:00:00+00:00,0.002154,33122.31,0.07134545574,0.021403636722,71.34545574
2022-05-28 12:00:00+00:00,0.006619,28828.02,0.19081266438,0.057243799314,190.81266438
2022-05-29 12:00:00+00:00,-0.000651,29213.85,0.01901821635,0.005705464905,19.01821635
2022-05-30 12:00:00+00:00,-0.002301,30665.38,0.07056103938,0.021168311814,70.56103938
2022-05-31 12:00:00+00:00,-0.001631,31766.99,0.05181196069,0.015543588207,51.81196069
2022-06-01 12:00:00+00:00,0.000228,31609.15,0.0072068862,0.00216206586,7.20688620
2022-06-02 12:00:00+00:00,0.002190,30173.66,0.0660803154,0.01982409462,66.08031540
2022-06-03 12:00:00+00:00,0.000663,29758.2,0.0197296866,0.00591890598,19.7296866
2022-06-06 12:00:00+00:00,-0.002506,31396.72,0.07868018032,0.023604054096,78.68018032
2022-06-07 12:00:00+00:00,0.002937,29521.51,0.08670467487,0.026011402461,86.70467487
2022-06-08 12:00:00+00:00,-0.001414,30410.85,0.0430009419,0.01290028257,43.00094190
2022-06-09 12:00:00+00:00,0.000173,30299.46,0.00524180658,0.001572541974,5.24180658
2022-06-10 12:00:00+00:00,0.000441,30020.56,0.01323906696,0.003971720088,13.23906696
2022-06-11 12:00:00+00:00,0.002138,28734.01,0.06143331338,0.018429994014,61.43331338
2022-06-12 12:00:00+00:00,0.002289,27457.39,0.06284996571,0.018854989713,62.84996571
2022-06-15 12:00:00+00:00,0.015082,21177.04,0.31939211728,0.095817635184,319.39211728
2022-06-25 12:00:00+00:00,-0.000476,21340.22,0.01015794472,0.003047383416,10.15794472
2022-06-26 12:00:00+00:00,-0.001036,21708.6,0.0224901096,0.00674703288,22.4901096
2022-06-29 12:00:00+00:00,0.004814,20104.81,0.09678455534,0.029035366602,96.78455534
2022-07-02 12:00:00+00:00,0.003018,19195.21,0.05793114378,0.017379343134,57.93114378
2022-07-03 12:00:00+00:00,0.000362,19089.79,0.00691050398,0.002073151194,6.91050398
2022-07-04 12:00:00+00:00,-0.002392,19806.48,0.04737710016,0.014213130048,47.37710016
2022-07-05 12:00:00+00:00,0.000943,19520.4,0.0184077372,0.00552232116,18.4077372
2022-07-06 12:00:00+00:00,-0.001887,20103.44,0.03793519128,0.011380557384,37.93519128
2022-07-07 12:00:00+00:00,-0.001258,20507.83,0.02579885014,0.007739655042,25.79885014
2022-07-08 12:00:00+00:00,-0.003136,21583.99,0.06768739264,0.020306217792,67.68739264
2022-07-10 12:00:00+00:00,0.000803,21301.84,0.01710537752,0.005131613256,17.10537752
2022-07-11 12:00:00+00:00,0.002474,20474.55,0.0506540367,0.01519621101,50.65403670
2022-07-12 12:00:00+00:00,0.002225,19775.56,0.044000621,0.0132001863,44.00062100
2022-07-15 12:00:00+00:00,-0.003090,20769.74,0.0641784966,0.01925354898,64.17849660
2022-07-17 12:00:00+00:00,-0.002005,21459.35,0.04302599675,0.012907799025,43.02599675
2022-07-18 12:00:00+00:00,-0.001854,22132.08,0.04103287632,0.012309862896,41.03287632
2022-07-19 12:00:00+00:00,0.000420,21977.19,0.0092304198,0.00276912594,9.23041980
2022-07-20 12:00:00+00:00,-0.004426,23728.55,0.1050225623,0.03150676869,105.02256230
2022-07-21 12:00:00+00:00,0.002817,22607.92,0.06368651064,0.019105953192,63.68651064
2022-07-22 12:00:00+00:00,-0.002504,23612.15,0.0591248236,0.01773744708,59.12482360
2022-07-23 12:00:00+00:00,0.003548,22230.28,0.07887303344,0.023661910032,78.87303344
2022-07-24 12:00:00+00:00,-0.001125,22657.63,0.02548983375,0.007646950125,25.48983375
2022-07-25 12:00:00+00:00,0.001916,21942.18,0.04204121688,0.012612365064,42.04121688
2022-07-26 12:00:00+00:00,0.002428,21090.22,0.05120705416,0.015362116248,51.20705416
2022-07-27 12:00:00+00:00,-0.000323,21200.6,0.0068477938,0.00205433814,6.8477938
2022-07-28 12:00:00+00:00,-0.005104,23116.19,0.11798503376,0.035395510128,117.98503376
2022-07-29 12:00:00+00:00,-0.001476,23718.71,0.03500881596,0.010502644788,35.00881596
2022-07-30 12:00:00+00:00,-0.000566,23956.38,0.01355931108,0.004067793324,13.55931108
2022-07-31 12:00:00+00:00,0.000366,23802.56,0.00871173696,0.002613521088,8.71173696
2022-08-01 12:00:00+00:00,0.001406,23227.79,0.03265827274,0.009797481822,32.65827274
2022-08-02 12:00:00+00:00,0.000872,22882.61,0.01995363592,0.005986090776,19.95363592
2022-08-03 12:00:00+00:00,-0.001305,23405.14,0.0305437077,0.00916311231,30.54370770
2022-08-04 12:00:00+00:00,0.001307,22885.01,0.02991070807,0.008973212421,29.91070807
2022-08-05 12:00:00+00:00,-0.001296,23403.67,0.03033115632,0.009099346896,30.33115632
2022-08-06 12:00:00+00:00,0.000611,23157.42,0.01414918362,0.004244755086,14.14918362
2022-08-07 12:00:00+00:00,0.000299,23038.48,0.00688850552,0.002066551656,6.88850552
2022-08-08 12:00:00+00:00,-0.002714,24166.12,0.06558684968,0.019676054904,65.58684968
2022-08-09 12:00:00+00:00,0.002183,23263.34,0.05078387122,0.015235161366,50.78387122
2022-08-10 12:00:00+00:00,0.000351,23122.36,0.00811594836,0.002434784508,8.11594836
2022-08-11 12:00:00+00:00,-0.003396,24559.37,0.08340362052,0.025021086156,83.40362052
2022-08-12 12:00:00+00:00,0.002083,23672.98,0.04931081734,0.014793245202,49.31081734
2022-08-13 12:00:00+00:00,-0.001785,24435.91,0.04361809935,0.013085429805,43.61809935
2022-08-14 12:00:00+00:00,-0.000293,24564.5,0.0071973985,0.00215921955,7.1973985
2022-08-15 12:00:00+00:00,0.001193,24048.91,0.02869034963,0.008607104889,28.69034963
2022-08-17 12:00:00+00:00,0.000719,23746.65,0.01707384135,0.005122152405,17.07384135
2022-08-18 12:00:00+00:00,0.000514,23534.43,0.01209669702,0.003629009106,12.09669702
2022-08-19 12:00:00+00:00,0.005523,21467.91,0.11856726693,0.035570180079,118.56726693
2022-08-25 12:00:00+00:00,-0.000714,21720.31,0.01550830134,0.004652490402,15.50830134
2022-08-26 12:00:00+00:00,0.001516,21191.27,0.03212596532,0.009637789596,32.12596532
2022-08-29 12:00:00+00:00,0.004261,19824.2,0.0844709162,0.02534127486,84.4709162
2022-08-30 12:00:00+00:00,-0.001842,20403.8,0.0375837996,0.01127513988,37.5837996
2022-08-31 12:00:00+00:00,0.000278,20314.78,0.00564750884,0.001694252652,5.64750884
2022-09-01 12:00:00+00:00,0.000760,20074.91,0.0152569316,0.00457707948,15.25693160
2022-09-03 12:00:00+00:00,0.000896,19798.73,0.01773966208,0.005321898624,17.73966208
2022-09-05 12:00:00+00:00,0.000318,19701.95,0.0062652201,0.00187956603,6.26522010
2022-09-06 12:00:00+00:00,-0.000707,19918.33,0.01408225931,0.004224677793,14.08225931
2022-09-08 12:00:00+00:00,0.002029,19311.6,0.0391832364,0.01175497092,39.1832364
2022-09-09 12:00:00+00:00,-0.005127,20937.72,0.10734769044,0.032204307132,107.34769044
2022-09-10 12:00:00+00:00,-0.001020,21285.11,0.0217108122,0.00651324366,21.71081220
2022-09-11 12:00:00+00:00,-0.000936,21613.03,0.02022979608,0.006068938824,20.22979608
2022-09-12 12:00:00+00:00,-0.001917,22313.57,0.04277511369,0.012832534107,42.77511369
2022-09-13 12:00:00+00:00,-0.000555,22522.74,0.0125001207,0.00375003621,12.50012070
2022-09-14 12:00:00+00:00,0.006738,20224.74,0.13627429812,0.040882289436,136.27429812
2022-09-16 12:00:00+00:00,0.001145,19868.75,0.02274971875,0.006824915625,22.74971875
2022-09-19 12:00:00+00:00,0.004103,18685.77,0.07666771431,0.023000314293,76.66771431
2022-09-20 12:00:00+00:00,-0.001881,19219.49,0.03615186069,0.010845558207,36.15186069
2022-09-23 12:00:00+00:00,0.001254,18862.72,0.02365385088,0.007096155264,23.65385088
2022-09-24 12:00:00+00:00,-0.000669,19052.24,0.01274594856,0.003823784568,12.74594856
2022-09-26 12:00:00+00:00,0.000621,18876.62,0.01172238102,0.003516714306,11.72238102
2022-09-27 12:00:00+00:00,-0.004499,20230.35,0.09101634465,0.027304903395,91.01634465
2022-09-28 12:00:00+00:00,0.004310,18954.96,0.0816958776,0.02450876328,81.69587760
2022-09-29 12:00:00+00:00,-0.001753,19463.04,0.03411870912,0.010235612736,34.11870912
2022-10-01 12:00:00+00:00,0.000514,19312.04,0.00992638856,0.002977916568,9.92638856
2022-10-02 12:00:00+00:00,0.000410,19193.05,0.0078691505,0.00236074515,7.86915050
2022-10-04 12:00:00+00:00,-0.002488,19939.0,0.049608232,0.0148824696,49.6082320
2022-10-05 12:00:00+00:00,-0.000291,20028.74,0.00582836334,0.001748509002,5.82836334
2022-10-06 12:00:00+00:00,-0.000688,20244.46,0.01392818848,0.004178456544,13.92818848
2022-10-07 12:00:00+00:00,0.000782,20000.15,0.0156401173,0.00469203519,15.64011730
2022-10-08 12:00:00+00:00,0.001542,19534.21,0.03012175182,0.009036525546,30.12175182
2022-10-10 12:00:00+00:00,0.000683,19333.02,0.01320445266,0.003961335798,13.20445266
2022-10-11 12:00:00+00:00,0.000619,19153.68,0.01185612792,0.003556838376,11.85612792
2022-10-13 12:00:00+00:00,0.001419,18754.09,0.02661205371,0.007983616113,26.61205371
2022-10-14 12:00:00+00:00,-0.002906,19596.25,0.0569467025,0.01708401075,56.94670250
2022-10-15 12:00:00+00:00,0.001466,19167.33,0.02809930578,0.008429791734,28.09930578
2022-10-17 12:00:00+00:00,-0.000994,19457.58,0.01934083452,0.005802250356,19.34083452
2022-10-18 12:00:00+00:00,-0.000357,19563.59,0.00698420163,0.002095260489,6.98420163
2022-10-19 12:00:00+00:00,0.001238,19201.42,0.02377135796,0.007131407388,23.77135796
2022-10-21 12:00:00+00:00,0.000900,18944.99,0.017050491,0.0051151473,17.05049100
2022-10-22 12:00:00+00:00,-0.000820,19178.99,0.0157267718,0.00471803154,15.72677180
2022-10-24 12:00:00+00:00,-0.000836,19422.9,0.0162375444,0.00487126332,16.2375444
2022-10-25 12:00:00+00:00,0.000415,19301.39,0.00801007685,0.002403023055,8.01007685
2022-10-26 12:00:00+00:00,-0.004200,20606.86,0.086548812,0.0259646436,86.54881200
2022-10-28 12:00:00+00:00,0.001358,20174.0,0.027396292,0.0082188876,27.3962920
2022-10-29 12:00:00+00:00,-0.001629,20698.06,0.03371713974,0.010115141922,33.71713974
2022-11-01 12:00:00+00:00,0.000541,20522.23,0.01110252643,0.003330757929,11.10252643
2022-11-02 12:00:00+00:00,0.000279,20432.38,0.00570063402,0.001710190206,5.70063402
2022-11-03 12:00:00+00:00,0.000958,20129.8,0.0192843484,0.00578530452,19.2843484
2022-11-04 12:00:00+00:00,-0.001342,20558.03,0.02758887626,0.008276662878,27.58887626
2022-11-05 12:00:00+00:00,-0.002511,21404.63,0.05374702593,0.016124107779,53.74702593
2022-11-06 12:00:00+00:00,0.000434,21254.8,0.0092245832,0.00276737496,9.2245832
2022-11-07 12:00:00+00:00,0.001558,20733.97,0.03230352526,0.009691057578,32.30352526
2022-11-08 12:00:00+00:00,0.003314,19699.04,0.06528261856,0.019584785568,65.28261856
2022-11-11 12:00:00+00:00,0.008859,17349.45,0.15369877755,0.046109633265,153.69877755
2022-11-14 12:00:00+00:00,0.002565,16748.75,0.04296054375,0.012888163125,42.96054375
2022-11-19 12:00:00+00:00,0.000318,16676.26,0.00530305068,0.001590915204,5.30305068
2022-11-20 12:00:00+00:00,0.000670,16526.04,0.0110724468,0.00332173404,11.07244680
2022-11-21 12:00:00+00:00,0.002034,16084.42,0.03271571028,0.009814713084,32.71571028
2022-11-22 12:00:00+00:00,0.001614,15747.88,0.02541707832,0.007625123496,25.41707832
2022-11-23 12:00:00+00:00,-0.003872,16585.21,0.06421793312,0.019265379936,64.21793312
2022-11-28 12:00:00+00:00,0.001695,16213.29,0.02748152655,0.008244457965,27.48152655
2022-11-29 12:00:00+00:00,-0.001291,16496.73,0.02129727843,0.006389183529,21.29727843
2022-11-30 12:00:00+00:00,-0.001683,16879.32,0.02840789556,0.008522368668,28.40789556
2022-12-01 12:00:00+00:00,-0.000954,17102.47,0.01631575638,0.004894726914,16.31575638
2022-12-02 12:00:00+00:00,0.000449,16996.92,0.00763161708,0.002289485124,7.63161708
2022-12-05 12:00:00+00:00,-0.001316,17310.08,0.02278006528,0.006834019584,22.78006528
2022-12-06 12:00:00+00:00,0.001381,16983.42,0.02345410302,0.007036230906,23.45410302
2022-12-07 12:00:00+00:00,0.000823,16793.29,0.01382087767,0.004146263301,13.82087767
2022-12-09 12:00:00+00:00,-0.001905,17241.16,0.0328444098,0.00985332294,32.84440980
2022-12-10 12:00:00+00:00,0.000305,17168.17,0.00523629185,0.001570887555,5.23629185
2022-12-12 12:00:00+00:00,0.000759,16989.45,0.01289499255,0.003868497765,12.89499255
2022-12-13 12:00:00+00:00,-0.001897,17444.32,0.03309187504,0.009927562512,33.09187504
2022-12-14 12:00:00+00:00,-0.001525,17824.93,0.02718301825,0.008154905475,27.18301825
2022-12-15 12:00:00+00:00,0.000414,17720.33,0.00733621662,0.002200864986,7.33621662
2022-12-16 12:00:00+00:00,0.002876,17027.09,0.04896991084,0.014690973252,48.96991084
2022-12-17 12:00:00+00:00,0.001388,16707.55,0.0231900794,0.00695702382,23.19007940
2022-12-20 12:00:00+00:00,-0.000469,16814.71,0.00788609899,0.002365829697,7.88609899
2022-12-28 12:00:00+00:00,0.000598,16678.52,0.00997375496,0.002992126488,9.97375496
2022-12-31 12:00:00+00:00,0.000493,16567.52,0.00816778736,0.002450336208,8.16778736
2023-01-02 12:00:00+00:00,-0.000743,16735.51,0.01243448393,0.003730345179,12.43448393
2023-01-04 12:00:00+00:00,-0.000437,16835.35,0.00735704795,0.002207114385,7.35704795
2023-01-07 12:00:00+00:00,-0.000359,16918.3,0.0060736697,0.00182210091,6.0736697
2023-01-09 12:00:00+00:00,-0.001359,17239.47,0.02342843973,0.007028531919,23.42843973
2023-01-11 12:00:00+00:00,-0.000820,17437.75,0.014298955,0.0042896865,14.29895500
2023-01-12 12:00:00+00:00,-0.002996,18200.8,0.0545295968,0.01635887904,54.5295968
2023-01-13 12:00:00+00:00,-0.002640,18920.95,0.049951308,0.0149853924,49.95130800
2023-01-14 12:00:00+00:00,-0.005866,20721.03,0.12154956198,0.036464868594,121.54956198
2023-01-16 12:00:00+00:00,-0.000293,20816.63,0.00609927259,0.001829781777,6.09927259
2023-01-17 12:00:00+00:00,-0.001199,21219.21,0.02544183279,0.007632549837,25.44183279
2023-01-18 12:00:00+00:00,0.089161,21204.67,1.89062958187,0.567188874561,1890.62958187
2023-01-19 12:00:00+00:00,0.001512,20744.17,0.03136518504,0.009409555512,31.36518504
2023-01-20 12:00:00+00:00,-0.000753,20963.34,0.01578539502,0.004735618506,15.78539502
2023-01-21 12:00:00+00:00,-0.006076,22907.01,0.13918299276,0.041754897828,139.18299276
2023-01-22 12:00:00+00:00,0.000367,22784.74,0.00836199958,0.002508599874,8.36199958
2023-01-23 12:00:00+00:00,-0.000363,22904.58,0.00831436254,0.002494308762,8.31436254
2023-01-25 12:00:00+00:00,0.000936,22598.45,0.0211521492,0.00634564476,21.15214920
2023-01-26 12:00:00+00:00,-0.001191,22992.09,0.02738357919,0.008215073757,27.38357919
2023-01-29 12:00:00+00:00,-0.001296,23431.39,0.03036708144,0.009110124432,30.36708144
2023-01-30 12:00:00+00:00,0.001050,23077.47,0.0242313435,0.00726940305,24.23134350
2023-01-31 12:00:00+00:00,0.000637,22865.97,0.01456562289,0.004369686867,14.56562289
2023-02-01 12:00:00+00:00,-0.000637,23078.43,0.01470095991,0.004410287973,14.70095991
2023-02-02 12:00:00+00:00,-0.002149,23820.49,0.05119023301,0.015357069903,51.19023301
2023-02-03 12:00:00+00:00,0.000829,23533.32,0.01950912228,0.005852736684,19.50912228
2023-02-04 12:00:00+00:00,0.000495,23364.14,0.0115652493,0.00346957479,11.56524930
2023-02-05 12:00:00+00:00,0.100132,23356.86,2.33876910552,0.701630731656,2338.76910552
2023-02-15 12:00:00+00:00,-0.135653,22444.28,3.04463391484,0.913390174452,3044.63391484
2023-02-16 12:00:00+00:00,0.123573,24567.93,3.03593281389,0.910779844167,3035.93281389
2023-03-05 12:00:00+00:00,-0.094969,22390.12,2.12636730628,0.637910191884,2126.36730628
2023-03-10 12:00:00+00:00,-0.078001,19761.12,1.54138712112,0.462416136336,1541.38712112
2023-03-12 12:00:00+00:00,0.082560,20445.56,1.6879854336,0.50639563008,1687.98543360
2023-03-13 12:00:00+00:00,-0.005146,22106.63,0.11376071798,0.034128215394,113.76071798
2023-03-14 12:00:00+00:00,-0.006998,24743.05,0.1731518639,0.05194555917,173.15186390
2023-03-16 12:00:00+00:00,-0.000216,24826.33,0.00536248728,0.001608746184,5.36248728
2023-03-17 12:00:00+00:00,-0.004881,26920.11,0.13139705691,0.039419117073,131.39705691
2023-03-18 12:00:00+00:00,-0.001162,27443.09,0.03188887058,0.009566661174,31.88887058
2023-03-20 12:00:00+00:00,0.085459,28188.95,2.40899947805,0.722699843415,2408.99947805
2023-03-26 12:00:00+00:00,-0.118133,27865.96,3.29188945268,0.987566835804,3291.88945268
2023-03-28 12:00:00+00:00,0.121721,27057.36,3.29344891656,0.988034674968,3293.44891656
2023-03-30 12:00:00+00:00,-0.120346,28644.79,3.44728589734,1.034185769202,3447.28589734
2023-04-01 12:00:00+00:00,0.120592,28372.84,3.42153752128,1.026461256384,3421.53752128
2023-04-02 12:00:00+00:00,-0.120136,28357.93,3.40680827848,1.022042483544,3406.80827848
2023-04-04 12:00:00+00:00,0.120150,28289.51,3.3989846265,1.01969538795,3398.98462650
2023-04-22 12:00:00+00:00,-0.119929,27286.65,3.27246064785,0.981738194355,3272.46064785
2023-04-24 12:00:00+00:00,0.118859,27550.83,3.27466410297,0.982399230891,3274.66410297
2023-05-28 12:00:00+00:00,-0.119524,27153.76,3.24552601024,0.973657803072,3245.52601024
2023-05-30 12:00:00+00:00,0.115520,28021.39,3.2370309728,0.97110929184,3237.03097280
2023-06-15 12:00:00+00:00,-0.116909,25014.97,2.92447512773,0.877342538319,2924.47512773
2023-06-17 12:00:00+00:00,0.111039,26507.75,2.94339405225,0.883018215675,2943.39405225
2023-06-18 12:00:00+00:00,-0.114667,26500.0,3.03867550,0.911602650,3038.6755000
2023-06-20 12:00:00+00:00,0.112570,26907.99,3.0290324343,0.90870973029,3029.03243430
2023-07-15 12:00:00+00:00,-0.114251,30311.99,3.46317516949,1.038952550847,3463.17516949
2023-07-18 12:00:00+00:00,0.114406,29884.0,3.418908904,1.0256726712,3418.9089040
2023-08-12 12:00:00+00:00,-0.113613,29429.85,3.34361354805,1.003084064415,3343.61354805
2023-08-14 12:00:00+00:00,0.113585,29410.0,3.34053485,1.002160455,3340.5348500
2023-08-18 12:00:00+00:00,-0.113068,26494.0,2.995623592,0.8986870776,2995.6235920
2023-10-20 12:00:00+00:00,-0.057647,29839.99,1.72018590353,0.516055771059,1720.18590353
2023-10-25 12:00:00+00:00,0.137652,34199.2,4.7075882784,1.41227648352,4707.5882784
2023-11-19 12:00:00+00:00,-0.097464,36453.63,3.55291659432,1.065874978296,3552.91659432
2023-11-20 12:00:00+00:00,0.094689,37147.51,3.51746057439,1.055238172317,3517.46057439
2023-11-22 12:00:00+00:00,-0.095666,36463.94,3.48835928404,1.046507785212,3488.35928404
2023-11-24 12:00:00+00:00,0.092208,37741.99,3.48011341392,1.044034024176,3480.11341392
2023-11-25 12:00:00+00:00,-0.094013,37652.51,3.53982542263,1.061947626789,3539.82542263
2023-12-05 12:00:00+00:00,-0.047050,41726.09,1.9632125345,0.58896376035,1963.21253450
2023-12-08 12:00:00+00:00,0.125285,43653.82,5.4691688387,1.64075065161,5469.16883870
2023-12-16 12:00:00+00:00,-0.086024,42332.0,3.641567968,1.0924703904,3641.5679680
2024-01-11 12:00:00+00:00,-0.043216,47059.99,2.03374452784,0.610123358352,2033.74452784
2024-01-12 12:00:00+00:00,0.044437,45954.35,2.04207345095,0.612622035285,2042.07345095
2024-01-24 12:00:00+00:00,0.090412,40209.34,3.63540684808,1.090622054424,3635.40684808
2024-01-26 12:00:00+00:00,-0.089053,41289.52,3.67695562456,1.103086687368,3676.95562456
2024-02-09 12:00:00+00:00,-0.045108,47180.01,2.12819589108,0.638458767324,2128.19589108
2024-02-11 12:00:00+00:00,0.118878,48411.71,5.75508726138,1.726526178414,5755.08726138
2024-02-17 12:00:00+00:00,-0.077309,51690.47,3.99613854523,1.198841563569,3996.13854523
2024-02-23 12:00:00+00:00,0.077305,51218.94,3.9594801567,1.18784404701,3959.48015670
2024-02-27 12:00:00+00:00,-0.081664,56527.8,4.6162862592,1.38488587776,4616.2862592
2024-03-12 12:00:00+00:00,-0.043106,72023.82,3.10465878492,0.931397635476,3104.65878492
2024-03-14 12:00:00+00:00,0.104263,72884.01,7.59910553463,2.279731660389,7599.10553463
2024-03-15 12:00:00+00:00,-0.070786,67757.75,4.7963000915,1.43889002745,4796.30009150
2024-03-29 12:00:00+00:00,0.068559,70142.78,4.80891885402,1.442675656206,4808.91885402
2024-04-13 12:00:00+00:00,-0.069772,67360.01,4.69984261772,1.409952785316,4699.84261772
2024-04-21 12:00:00+00:00,0.072278,65234.02,4.71498449756,1.414495349268,4714.98449756
2024-04-25 12:00:00+00:00,-0.097310,63861.24,6.2143372644,1.86430117932,6214.33726440
2024-06-17 12:00:00+00:00,0.042997,65817.2,2.8299421484,0.84898264452,2829.9421484
2024-06-24 12:00:00+00:00,-0.042688,61291.95,2.6164307616,0.78492922848,2616.43076160
2024-07-04 12:00:00+00:00,0.049086,57761.95,2.8353030777,0.85059092331,2835.30307770
2024-07-10 12:00:00+00:00,-0.000509,58492.0,0.029772428,0.0089317284,29.7724280
2024-07-11 12:00:00+00:00,-0.000183,58777.99,0.01075637217,0.003226911651,10.75637217
2024-07-14 12:00:00+00:00,-0.000824,60099.1,0.0495216584,0.01485649752,49.5216584
2024-07-15 12:00:00+00:00,-0.001400,62454.0,0.08743560,0.026230680,87.4356000
2024-07-16 12:00:00+00:00,-0.000743,63746.11,0.04736335973,0.014209007919,47.36335973
2024-07-17 12:00:00+00:00,-0.000548,64723.73,0.03546860404,0.010640581212,35.46860404
2024-08-03 12:00:00+00:00,-0.051895,61919.38,3.2133062251,0.96399186753,3213.30622510
2024-08-05 12:00:00+00:00,0.067660,51340.0,3.47366440,1.042099320,3473.6644000
2024-08-06 12:00:00+00:00,-0.003018,55210.0,0.16662378,0.049987134,166.6237800
2024-08-07 12:00:00+00:00,-0.001269,56963.39,0.07228654191,0.021685962573,72.28654191
2024-08-08 12:00:00+00:00,-0.000254,57320.51,0.01455940954,0.004367822862,14.55940954
2024-08-09 12:00:00+00:00,-0.002229,60655.25,0.13520055225,0.040560165675,135.20055225
2024-08-10 12:00:00+00:00,-0.000175,60920.88,0.010661154,0.0031983462,10.66115400
2024-08-14 12:00:00+00:00,-0.049596,61296.88,3.04008006048,0.912024018144,3040.08006048
2024-08-15 12:00:00+00:00,0.052314,58745.36,3.07320476304,0.921961428912,3073.20476304
2024-08-17 12:00:00+00:00,-0.000310,59137.12,0.0183325072,0.00549975216,18.33250720
2024-08-18 12:00:00+00:00,-0.000599,60024.0,0.035954376,0.0107863128,35.9543760
2024-08-20 12:00:00+00:00,-0.000330,60518.83,0.0199712139,0.00599136417,19.97121390
2024-08-22 12:00:00+00:00,-0.000536,61336.09,0.03287614424,0.009862843272,32.87614424
2024-08-24 12:00:00+00:00,-0.001606,63905.0,0.10263143,0.030789429,102.6314300
2024-08-25 12:00:00+00:00,-0.057326,63873.92,3.66163633792,1.098490901376,3661.63633792
2024-08-27 12:00:00+00:00,0.059019,62416.99,3.68378833281,1.105136499843,3683.78833281
2024-08-28 12:00:00+00:00,0.001608,59934.99,0.09637546392,0.028912639176,96.37546392
2024-08-29 12:00:00+00:00,-0.000091,60067.06,0.00546610246,0.001639830738,5.46610246
2024-09-01 12:00:00+00:00,0.001273,58240.51,0.07414016923,0.022242050769,74.14016923
2024-09-02 12:00:00+00:00,-0.000128,58422.01,0.00747801728,0.002243405184,7.47801728
2024-09-03 12:00:00+00:00,-0.000452,59072.01,0.02670054852,0.008010164556,26.70054852
2024-09-04 12:00:00+00:00,0.001805,56573.0,0.102114265,0.0306342795,102.1142650
2024-09-05 12:00:00+00:00,-0.000093,56698.01,0.00527291493,0.001581874479,5.27291493
2024-09-06 12:00:00+00:00,0.000519,55999.09,0.02906352771,0.008719058313,29.06352771
2024-09-07 12:00:00+00:00,0.001285,54326.01,0.06980892285,0.020942676855,69.80892285
2024-09-08 12:00:00+00:00,-0.000179,54556.08,0.00976553832,0.002929661496,9.76553832
2024-09-09 12:00:00+00:00,-0.000541,55264.87,0.02989829467,0.008969488401,29.89829467
2024-09-10 12:00:00+00:00,-0.001441,57228.01,0.08246556241,0.024739668723,82.46556241
2024-09-11 12:00:00+00:00,0.000312,56798.0,0.017720976,0.0053162928,17.7209760
2024-09-12 12:00:00+00:00,-0.000902,58058.0,0.052368316,0.0157104948,52.3683160
2024-09-13 12:00:00+00:00,0.000133,57871.1,0.0076968563,0.00230905689,7.6968563
2024-09-14 12:00:00+00:00,-0.001268,59706.4,0.0757077152,0.02271231456,75.7077152
2024-09-15 12:00:00+00:00,-0.000201,60000.51,0.01206010251,0.003618030753,12.06010251
2024-09-16 12:00:00+00:00,0.000926,58664.0,0.054322864,0.0162968592,54.3228640
2024-09-17 12:00:00+00:00,-0.000290,59080.99,0.0171334871,0.00514004613,17.13348710
2024-09-18 12:00:00+00:00,-0.000523,59846.0,0.031299458,0.0093898374,31.2994580
2024-09-19 12:00:00+00:00,-0.001819,62645.44,0.11395205536,0.034185616608,113.95205536
2024-09-20 12:00:00+00:00,-0.000502,63440.01,0.03184688502,0.009554065506,31.84688502
2024-09-21 12:00:00+00:00,0.000221,63089.76,0.01394283696,0.004182851088,13.94283696
2024-09-22 12:00:00+00:00,0.000193,62784.0,0.012117312,0.0036351936,12.1173120
2024-09-23 12:00:00+00:00,-0.000409,63435.03,0.02594492727,0.007783478181,25.94492727
2024-09-25 12:00:00+00:00,-0.000252,63838.01,0.01608717852,0.004826153556,16.08717852
2024-09-26 12:00:00+00:00,-0.000342,64393.98,0.02202274116,0.006606822348,22.02274116
2024-09-27 12:00:00+00:00,-0.000631,65437.36,0.04129097416,0.012387292248,41.29097416
2024-09-28 12:00:00+00:00,-0.000216,65798.01,0.01421237016,0.004263711048,14.21237016
2024-09-30 12:00:00+00:00,0.001215,63819.45,0.07754063175,0.023262189525,77.54063175
2024-10-02 12:00:00+00:00,-0.048733,61164.01,2.98070569933,0.894211709799,2980.70569933
2024-10-03 12:00:00+00:00,0.000212,60764.73,0.01288212276,0.003864636828,12.88212276
2024-10-04 12:00:00+00:00,-0.000395,61449.84,0.0242726868,0.00728180604,24.27268680
2024-10-05 12:00:00+00:00,-0.000413,62179.99,0.02568033587,0.007704100761,25.68033587
2024-10-07 12:00:00+00:00,-0.000529,63135.45,0.03339865305,0.010019595915,33.39865305
2024-10-08 12:00:00+00:00,0.000282,62624.02,0.01765997364,0.005297992092,17.65997364
2024-10-09 12:00:00+00:00,0.000237,62199.99,0.01474139763,0.004422419289,14.74139763
2024-10-10 12:00:00+00:00,0.000534,61262.01,0.03271391334,0.009814174002,32.71391334
2024-10-12 12:00:00+00:00,-0.000939,62936.91,0.05909775849,0.017729327547,59.09775849
2024-10-14 12:00:00+00:00,-0.001058,64920.05,0.0686854129,0.02060562387,68.68541290
2024-10-15 12:00:00+00:00,-0.000248,65399.68,0.01621912064,0.004865736192,16.21912064
2024-10-16 12:00:00+00:00,-0.001239,67894.73,0.08412157047,0.025236471141,84.12157047
2024-10-17 12:00:00+00:00,0.000502,66872.44,0.03356996488,0.010070989464,33.56996488
2024-10-18 12:00:00+00:00,0.046587,67702.0,3.154033074,0.9462099222,3154.0330740
2024-10-19 12:00:00+00:00,-0.000250,68090.3,0.017022575,0.0051067725,17.0225750
2024-10-20 12:00:00+00:00,-0.000181,68420.01,0.01238402181,0.003715206543,12.38402181
2024-10-21 12:00:00+00:00,0.000099,68238.0,0.006755562,0.0020266686,6.7555620
2024-10-22 12:00:00+00:00,0.000523,67299.15,0.03519745545,0.010559236635,35.19745545
2024-10-23 12:00:00+00:00,0.000502,66414.0,0.033339828,0.0100019484,33.3398280
2024-10-24 12:00:00+00:00,-0.000492,67286.0,0.033104712,0.0099314136,33.1047120
2024-10-25 12:00:00+00:00,-0.000453,68105.79,0.03085192287,0.009255576861,30.85192287
2024-10-27 12:00:00+00:00,0.000545,67128.03,0.03658477635,0.010975432905,36.58477635
2024-10-28 12:00:00+00:00,-0.000892,68753.78,0.06132837176,0.018398511528,61.32837176
2024-10-29 12:00:00+00:00,-0.001411,71452.02,0.10081880022,0.030245640066,100.81880022
2024-10-30 12:00:00+00:00,-0.000273,71984.0,0.019651632,0.0058954896,19.6516320
2024-10-31 12:00:00+00:00,-0.000123,72226.0,0.008883798,0.0026651394,8.8837980
2024-11-01 12:00:00+00:00,0.001163,70002.01,0.08141233763,0.024423701289,81.41233763
2024-11-02 12:00:00+00:00,0.000210,69608.0,0.01461768,0.004385304,14.6176800
2024-11-05 12:00:00+00:00,0.000431,68810.03,0.02965712293,0.008897136879,29.65712293
2024-11-06 12:00:00+00:00,-0.002748,74272.0,0.204099456,0.0612298368,204.0994560
2024-11-07 12:00:00+00:00,-0.000232,74745.99,0.01734106968,0.005202320904,17.34106968
2024-11-08 12:00:00+00:00,-0.000566,75934.47,0.04297891002,0.012893673006,42.97891002
2024-11-09 12:00:00+00:00,-0.000260,76487.11,0.0198866486,0.00596599458,19.88664860
2024-11-10 12:00:00+00:00,-0.001507,79844.0,0.120324908,0.0360974724,120.3249080
2024-11-30 12:00:00+00:00,-0.053881,96267.99,5.18701556919,1.556104670757,5187.01556919
2024-12-02 12:00:00+00:00,0.096839,95128.67,9.21216527413,2.763649582239,9212.16527413
2025-01-09 12:00:00+00:00,-0.048278,93465.23,4.51231437394,1.353694312182,4512.31437394
2025-01-10 12:00:00+00:00,0.047328,95073.95,4.4996599056,1.34989797168,4499.65990560
2025-01-12 12:00:00+00:00,-0.047927,94255.1,4.5173641777,1.35520925331,4517.3641777
2025-01-14 12:00:00+00:00,0.046631,96548.04,4.50213165324,1.350639495972,4502.13165324
2025-01-19 12:00:00+00:00,-0.064661,104363.24,6.74823146164,2.024469438492,6748.23146164
2025-01-21 12:00:00+00:00,0.064437,103758.25,6.68587035525,2.005761106575,6685.87035525
2025-02-07 12:00:00+00:00,-0.064125,97749.99,6.26821810875,1.880465432625,6268.21810875
2025-02-15 12:00:00+00:00,0.064450,97615.59,6.2913247755,1.88739743265,6291.32477550
2025-03-11 12:00:00+00:00,-0.046753,81720.33,3.82067058849,1.146201176547,3820.67058849
2025-03-12 12:00:00+00:00,-0.000544,83004.45,0.0451544208,0.01354632624,45.15442080
2025-03-14 12:00:00+00:00,-0.000098,83253.15,0.0081588087,0.00244764261,8.15880870
2025-03-15 12:00:00+00:00,-0.000330,84103.74,0.0277542342,0.00832627026,27.75423420
2025-03-16 12:00:00+00:00,0.000667,82410.01,0.05496747667,0.016490243001,54.96747667
2025-03-17 12:00:00+00:00,-0.000433,83514.73,0.03616187809,0.010848563427,36.16187809
2025-03-18 12:00:00+00:00,0.000368,82581.09,0.03038984112,0.009116952336,30.38984112
2025-03-19 12:00:00+00:00,-0.000508,83881.4,0.0426117512,0.01278352536,42.6117512
2025-03-20 12:00:00+00:00,-0.000616,85502.16,0.05266933056,0.015800799168,52.66933056
2025-03-21 12:00:00+00:00,0.000558,84046.52,0.04689795816,0.014069387448,46.89795816
2025-03-22 12:00:00+00:00,-0.000075,84239.24,0.006317943,0.0018953829,6.31794300
2025-03-23 12:00:00+00:00,-0.000169,84680.0,0.01431092,0.004293276,14.3109200
2025-03-24 12:00:00+00:00,-0.001111,87689.52,0.09742305672,0.029226917016,97.42305672
2025-03-25 12:00:00+00:00,0.000116,87370.44,0.01013497104,0.003040491312,10.13497104
2025-03-26 12:00:00+00:00,-0.000213,87954.97,0.01873440861,0.005620322583,18.73440861
2025-03-27 12:00:00+00:00,0.000371,86943.51,0.03225604221,0.009676812663,32.25604221
2025-03-28 12:00:00+00:00,0.047739,85255.25,4.07000037975,1.221000113925,4070.00037975
2025-03-29 12:00:00+00:00,-0.046998,82293.56,3.86763273288,1.160289819864,3867.63273288
2025-03-30 12:00:00+00:00,-0.000355,83111.76,0.0295046748,0.00885140244,29.50467480
2025-03-31 12:00:00+00:00,0.000355,82205.5,0.0291829525,0.00875488575,29.1829525
2025-04-01 12:00:00+00:00,-0.000665,83930.31,0.05581365615,0.016744096845,55.81365615
2025-04-02 12:00:00+00:00,-0.000242,84566.91,0.02046519222,0.006139557666,20.46519222
2025-04-03 12:00:00+00:00,0.000566,83096.01,0.04703234166,0.014109702498,47.03234166
2025-04-04 12:00:00+00:00,0.000161,82680.44,0.01331155084,0.003993465252,13.31155084
2025-04-05 12:00:00+00:00,-0.000298,83452.69,0.02486890162,0.007460670486,24.86890162
2025-04-06 12:00:00+00:00,0.000231,82855.99,0.01913973369,0.005741920107,19.13973369
2025-04-07 12:00:00+00:00,0.002594,76685.62,0.19892249828,0.059676749484,198.92249828
2025-04-08 12:00:00+00:00,-0.001374,79982.0,0.109895268,0.0329685804,109.8952680
2025-04-10 12:00:00+00:00,-0.000760,81882.0,0.06223032,0.018669096,62.2303200
2025-04-11 12:00:00+00:00,-0.000098,82129.67,0.00804870766,0.002414612298,8.04870766
2025-04-12 12:00:00+00:00,-0.000543,83528.3,0.0453558669,0.01360676007,45.3558669
2025-04-13 12:00:00+00:00,-0.000381,84528.66,0.03220541946,0.009661625838,32.20541946
2025-04-14 12:00:00+00:00,-0.000151,84927.56,0.01282406156,0.003847218468,12.82406156
2025-04-15 12:00:00+00:00,-0.000247,85589.23,0.02114053981,0.006342161943,21.14053981
2025-04-16 12:00:00+00:00,0.000584,84048.36,0.04908424224,0.014725272672,49.08424224
2025-04-17 12:00:00+00:00,-0.000195,84562.0,0.01648959,0.004946877,16.4895900
2025-04-19 12:00:00+00:00,-0.000247,85217.4,0.0210486978,0.00631460934,21.0486978
2025-04-20 12:00:00+00:00,0.000413,84129.82,0.03474561566,0.010423684698,34.74561566
2025-04-21 12:00:00+00:00,-0.001049,86971.92,0.09123354408,0.027370063224,91.23354408
2025-04-22 12:00:00+00:00,-0.000588,88614.09,0.05210508492,0.015631525476,52.10508492
2025-04-23 12:00:00+00:00,-0.001632,93466.01,0.15253652832,0.045760958496,152.53652832
2025-04-24 12:00:00+00:00,0.000280,92619.94,0.0259335832,0.00778007496,25.93358320
2025-04-25 12:00:00+00:00,-0.000658,94635.67,0.06227027086,0.018681081258,62.27027086
2025-04-26 12:00:00+00:00,0.000160,94144.07,0.0150630512,0.00451891536,15.06305120
2025-04-27 12:00:00+00:00,0.044868,93920.0,4.21400256,1.264200768,4214.0025600
2025-05-01 12:00:00+00:00,-0.060892,96180.01,5.85659316892,1.756977950676,5856.59316892
2025-05-04 12:00:00+00:00,0.061124,95423.19,5.83264706556,1.749794119668,5832.64706556
2025-05-29 12:00:00+00:00,-0.061316,108779.83,6.66994405628,2.000983216884,6669.94405628
2025-05-31 12:00:00+00:00,0.063664,103498.17,6.58910749488,1.976732248464,6589.10749488
2025-06-03 12:00:00+00:00,-0.062174,105287.24,6.54612885976,1.963838657928,6546.12885976
2025-06-05 12:00:00+00:00,0.062200,104827.79,6.520288538,1.9560865614,6520.28853800
2025-08-30 12:00:00+00:00,-0.062243,108680.01,6.76456986243,2.029370958729,6764.56986243
2025-09-15 12:00:00+00:00,0.058264,115070.01,6.70443906264,2.011331718792,6704.43906264
2025-09-24 12:00:00+00:00,-0.060089,113029.45,6.79182662105,2.037547986315,6791.82662105
2025-10-09 12:00:00+00:00,0.055062,122737.56,6.75817552872,2.027452658616,6758.17552872
2025-10-11 12:00:00+00:00,-0.057362,112280.01,6.44060593362,1.932181780086,6440.60593362
2025-12-02 12:00:00+00:00,-0.015866,87368.92,1.38619528472,0.415858585416,1386.19528472
2025-12-03 12:00:00+00:00,-0.001786,93005.68,0.16610814448,0.049832443344,166.10814448
2026-01-06 12:00:00+00:00,-0.000250,93839.99,0.0234599975,0.00703799925,23.45999750
2026-01-07 12:00:00+00:00,0.000532,92087.21,0.04899039572,0.014697118716,48.99039572
2026-01-14 12:00:00+00:00,-0.000809,94793.0,0.076687537,0.0230062611,76.6875370
2026-01-15 12:00:00+00:00,-0.000514,96581.07,0.04964266998,0.014892800994,49.64266998
2026-01-16 12:00:00+00:00,0.000330,95429.09,0.0314915997,0.00944747991,31.49159970
2026-01-18 12:00:00+00:00,0.000076,95168.06,0.00723277256,0.002169831768,7.23277256
2026-02-05 12:00:00+00:00,0.009780,70318.35,0.687713463,0.2063140389,687.71346300
2026-02-08 12:00:00+00:00,-0.000335,70999.99,0.02378499665,0.007135498995,23.78499665
2026-02-27 12:00:00+00:00,0.002527,66126.99,0.16710290373,0.050130871119,167.10290373
2026-02-28 12:00:00+00:00,0.001288,63844.2,0.0822313296,0.02466939888,82.2313296
2026-03-01 12:00:00+00:00,-0.001459,66468.04,0.09697687036,0.029093061108,96.97687036
2026-03-03 12:00:00+00:00,-0.000300,67026.6,0.02010798,0.006032394,20.1079800
2026-03-04 12:00:00+00:00,-0.002053,71111.4,0.1459917042,0.04379751126,145.9917042
2026-03-05 12:00:00+00:00,-0.000849,72915.8,0.0619055142,0.01857165426,61.9055142
2026-03-08 12:00:00+00:00,0.002695,67515.0,0.181952925,0.0545858775,181.9529250
2026-03-09 12:00:00+00:00,-0.000132,67764.99,0.00894497868,0.002683493604,8.94497868
2026-03-10 12:00:00+00:00,-0.001416,70580.95,0.0999426252,0.02998278756,99.94262520
2026-03-11 12:00:00+00:00,0.000701,69172.99,0.04849026599,0.014547079797,48.49026599
2026-03-12 12:00:00+00:00,-0.000623,70427.9,0.0438765817,0.01316297451,43.8765817
2026-03-13 12:00:00+00:00,-0.000862,72228.81,0.06226123422,0.018678370266,62.26123422
2026-03-14 12:00:00+00:00,0.000708,70751.42,0.05009200536,0.015027601608,50.09200536
2026-03-15 12:00:00+00:00,-0.000521,71839.41,0.03742833261,0.011228499783,37.42833261
2026-03-16 12:00:00+00:00,-0.000795,73552.78,0.0584744601,0.01754233803,58.47446010
2026-03-17 12:00:00+00:00,-0.000217,74033.1,0.0160651827,0.00481955481,16.0651827
2026-03-18 12:00:00+00:00,0.000494,72952.85,0.0360387079,0.01081161237,36.03870790
2026-03-19 12:00:00+00:00,0.001446,69952.75,0.1011516765,0.03034550295,101.15167650
2026-03-20 12:00:00+00:00,-0.000260,70478.71,0.0183244646,0.00549733938,18.32446460
2026-03-21 12:00:00+00:00,-0.000085,70652.73,0.00600548205,0.001801644615,6.00548205
2026-03-22 12:00:00+00:00,0.001231,68217.94,0.08397628414,0.025192885242,83.97628414
2026-03-23 12:00:00+00:00,-0.000961,70122.15,0.06738738615,0.020216215845,67.38738615
2026-03-24 12:00:00+00:00,-0.000505,71157.77,0.03593467385,0.010780402155,35.93467385
2026-03-25 12:00:00+00:00,-0.000250,71678.97,0.0179197425,0.00537592275,17.91974250
2026-04-03 12:00:00+00:00,0.002376,67017.43,0.15923341368,0.047770024104,159.23341368
2026-04-04 12:00:00+00:00,-0.000076,67156.93,0.00510392668,0.001531178004,5.10392668
2026-04-05 12:00:00+00:00,0.000084,66998.99,0.00562791516,0.001688374548,5.62791516
2026-04-06 12:00:00+00:00,-0.001346,69614.91,0.09370166886,0.028110500658,93.70166886
2026-04-07 12:00:00+00:00,0.000648,68345.75,0.044288046,0.0132864138,44.28804600
2026-04-08 12:00:00+00:00,-0.001642,71675.12,0.11769054704,0.035307164112,117.69054704
2026-04-09 12:00:00+00:00,0.000252,71150.17,0.01792984284,0.005378952852,17.92984284
2026-04-10 12:00:00+00:00,-0.000466,72127.59,0.03361145694,0.010083437082,33.61145694
2026-04-11 12:00:00+00:00,-0.000364,72907.05,0.0265381662,0.00796144986,26.53816620
2026-04-12 12:00:00+00:00,0.000680,71468.54,0.0485986072,0.01457958216,48.59860720
2026-04-13 12:00:00+00:00,0.000260,70929.68,0.0184417168,0.00553251504,18.44171680
2026-04-14 12:00:00+00:00,-0.001596,74376.52,0.11870492592,0.035611477776,118.70492592
2026-04-16 12:00:00+00:00,-0.000089,74574.8,0.0066371572,0.00199114716,6.6371572
2026-04-17 12:00:00+00:00,-0.000447,75589.7,0.0337885959,0.01013657877,33.7885959
2026-04-18 12:00:00+00:00,-0.000195,76039.06,0.0148276167,0.00444828501,14.82761670
2026-04-19 12:00:00+00:00,0.000189,75604.11,0.01428917679,0.004286753037,14.28917679
2026-04-20 12:00:00+00:00,0.000180,75192.72,0.0135346896,0.00406040688,13.53468960
2026-04-21 12:00:00+00:00,-0.000545,76452.94,0.0416668523,0.01250005569,41.66685230
2026-04-22 12:00:00+00:00,-0.000771,78300.0,0.06036930,0.018110790,60.3693000
2026-04-23 12:00:00+00:00,0.000246,77704.61,0.01911533406,0.005734600218,19.11533406
2026-04-24 12:00:00+00:00,-0.000221,78240.27,0.01729109967,0.005187329901,17.29109967
2026-04-25 12:00:00+00:00,0.000231,77682.29,0.01794460899,0.005383382697,17.94460899
2026-04-26 12:00:00+00:00,-0.000174,78101.43,0.01358964882,0.004076894646,13.58964882
2026-04-27 12:00:00+00:00,0.000106,77844.25,0.0082514905,0.00247544715,8.25149050
2026-04-28 12:00:00+00:00,0.000684,76228.99,0.05214062916,0.015642188748,52.14062916
2026-04-29 12:00:00+00:00,-0.000575,77590.04,0.044614273,0.0133842819,44.61427300
2026-04-30 12:00:00+00:00,0.000651,76059.42,0.04951468242,0.014854404726,49.51468242
2026-05-01 12:00:00+00:00,-0.000595,77463.98,0.0460910681,0.01382732043,46.09106810
2026-05-02 12:00:00+00:00,-0.000282,78143.09,0.02203635138,0.006610905414,22.03635138
2026-05-03 12:00:00+00:00,-0.000210,78656.01,0.0165177621,0.00495532863,16.51776210
2026-05-05 12:00:00+00:00,-0.000933,81014.05,0.07558610865,0.022675832595,75.58610865
2026-05-06 12:00:00+00:00,-0.000574,82522.88,0.04736813312,0.014210439936,47.36813312
2026-05-07 12:00:00+00:00,0.000635,80866.65,0.05135032275,0.015405096825,51.35032275
2026-05-08 12:00:00+00:00,0.000248,80231.22,0.01989734256,0.005969202768,19.89734256
2026-05-10 12:00:00+00:00,-0.000230,80821.21,0.0185888783,0.00557666349,18.58887830
2026-05-11 12:00:00+00:00,-0.000146,81196.95,0.0118547547,0.00355642641,11.85475470
2026-05-12 12:00:00+00:00,0.000160,80784.86,0.0129255776,0.00387767328,12.92557760
2026-05-13 12:00:00+00:00,0.000111,80501.22,0.00893563542,0.002680690626,8.93563542
2026-05-18 12:00:00+00:00,0.001311,77285.83,0.10132172313,0.030396516939,101.32172313
2026-05-19 12:00:00+00:00,0.000242,76714.61,0.01856493562,0.005569480686,18.56493562
2026-05-20 12:00:00+00:00,-0.000282,77382.5,0.021821865,0.0065465595,21.8218650
2026-05-21 12:00:00+00:00,0.000081,77189.1,0.0062523171,0.00187569513,6.2523171
2026-05-22 12:00:00+00:00,-0.000101,77428.83,0.00782031183,0.002346093549,7.82031183
2026-05-23 12:00:00+00:00,0.001144,74789.99,0.08555974856,0.025667924568,85.55974856
2026-05-24 12:00:00+00:00,-0.001087,77320.06,0.08404690522,0.025214071566,84.04690522
2026-05-27 12:00:00+00:00,0.000664,75769.18,0.05031073552,0.015093220656,50.31073552
2026-05-28 12:00:00+00:00,0.001013,73505.65,0.07446122345,0.022338367035,74.46122345
2026-05-31 12:00:00+00:00,-0.000197,73937.63,0.01456571311,0.004369713933,14.56571311
2026-06-01 12:00:00+00:00,0.000673,72480.0,0.04877904,0.014633712,48.7790400
2026-06-02 12:00:00+00:00,0.001476,69461.73,0.10252551348,0.030757654044,102.52551348
2026-06-03 12:00:00+00:00,0.001248,67067.37,0.08370007776,0.025110023328,83.70007776
2026-06-04 12:00:00+00:00,0.002592,62546.0,0.162119232,0.0486357696,162.1192320
2026-06-05 12:00:00+00:00,0.000352,61964.99,0.02181167648,0.006543502944,21.81167648
2026-06-06 12:00:00+00:00,0.000725,60802.9,0.0440821025,0.01322463075,44.0821025
2026-06-07 12:00:00+00:00,-0.001117,62621.97,0.06994874049,0.020984622147,69.94874049
2026-06-08 12:00:00+00:00,-0.000509,63479.62,0.03231112658,0.009693337974,32.31112658
2026-06-09 12:00:00+00:00,0.000457,62711.12,0.02865898184,0.008597694552,28.65898184
2026-06-10 12:00:00+00:00,0.001033,61034.04,0.06304816332,0.018914448996,63.04816332
2026-06-11 12:00:00+00:00,-0.001260,63108.01,0.0795160926,0.02385482778,79.51609260
2026-06-12 12:00:00+00:00,-0.000387,63766.01,0.02467744587,0.007403233761,24.67744587
2026-06-13 12:00:00+00:00,-0.000119,63971.28,0.00761258232,0.002283774696,7.61258232
2026-06-14 12:00:00+00:00,-0.000331,64546.01,0.02136472931,0.006409418793,21.36472931
2026-06-15 12:00:00+00:00,-0.000939,66233.89,0.06219362271,0.018658086813,62.19362271
2026-06-16 12:00:00+00:00,-0.000136,66481.73,0.00904151528,0.002712454584,9.04151528
2026-06-17 12:00:00+00:00,0.000932,64810.01,0.06040292932,0.018120878796,60.40292932
2026-06-18 12:00:00+00:00,0.000480,63974.4,0.030707712,0.0092123136,30.7077120
2026-06-19 12:00:00+00:00,0.000798,62626.0,0.049975548,0.0149926644,49.9755480
2026-06-20 12:00:00+00:00,-0.000628,63688.0,0.039996064,0.0119988192,39.9960640
2026-06-21 12:00:00+00:00,-0.000283,64176.0,0.018161808,0.0054485424,18.1618080
2026-06-22 12:00:00+00:00,-0.000276,64657.22,0.01784539272,0.005353617816,17.84539272
2026-06-23 12:00:00+00:00,0.001267,62507.05,0.07919643235,0.023758929705,79.19643235
2026-06-24 12:00:00+00:00,-0.000249,62921.19,0.01566737631,0.004700212893,15.66737631
2026-06-25 12:00:00+00:00,0.001004,61282.0,0.061527128,0.0184581384,61.5271280
2026-06-26 12:00:00+00:00,0.001203,59413.24,0.07147412772,0.021442238316,71.47412772
2026-06-27 12:00:00+00:00,-0.000616,60363.65,0.0371840084,0.01115520252,37.18400840
2026-06-29 12:00:00+00:00,0.000263,59956.05,0.01576844115,0.004730532345,15.76844115
2026-06-30 12:00:00+00:00,0.000501,59192.71,0.02965554771,0.008896664313,29.65554771
2026-07-01 12:00:00+00:00,0.000381,58622.02,0.02233498962,0.006700496886,22.33498962
2026-07-02 12:00:00+00:00,-0.001760,61358.0,0.10799008,0.032397024,107.9900800
2026-07-03 12:00:00+00:00,-0.000411,62024.01,0.02549186811,0.007647560433,25.49186811
2026-07-04 12:00:00+00:00,-0.000278,62482.0,0.017369996,0.0052109988,17.3699960
2026-07-05 12:00:00+00:00,-0.000107,62658.92,0.00670450444,0.002011351332,6.70450444
2026-07-06 12:00:00+00:00,0.000106,62483.84,0.00662328704,0.001986986112,6.62328704
2026-07-07 12:00:00+00:00,-0.000549,63405.99,0.03480988851,0.010442966553,34.80988851
2026-07-08 12:00:00+00:00,0.000663,62300.0,0.04130490,0.012391470,41.3049000
2026-07-09 12:00:00+00:00,-0.000294,62786.33,0.01845918102,0.005537754306,18.45918102
2026-07-10 12:00:00+00:00,-0.000957,64425.18,0.06165489726,0.018496469178,61.65489726
2026-07-11 12:00:00+00:00,0.000131,64197.99,0.00840993669,0.002522981007,8.40993669
2026-07-12 12:00:00+00:00,0.000104,64018.0,0.006657872,0.0019973616,6.6578720
2026-07-13 12:00:00+00:00,0.000658,62901.99,0.04138950942,0.012416852826,41.38950942
2026-07-15 12:00:00+00:00,-0.001062,64732.15,0.0687455433,0.02062366299,68.74554330
2026-07-17 12:00:00+00:00,0.000834,63298.0,0.052790532,0.0158371596,52.7905320
2026-07-18 12:00:00+00:00,-0.000451,64069.89,0.02889552039,0.008668656117,28.89552039
2026-07-19 12:00:00+00:00,-0.000229,64467.65,0.01476309185,0.004428927555,14.76309185
2026-07-20 12:00:00+00:00,-0.000304,65002.0,0.019760608,0.0059281824,19.7606080
2026-07-21 12:00:00+00:00,-0.000744,66345.59,0.04936111896,0.014808335688,49.36111896
2026-07-22 12:00:00+00:00,0.000182,66013.36,0.01201443152,0.003604329456,12.01443152
2026-07-23 12:00:00+00:00,0.000254,65555.21,0.01665102334,0.004995307002,16.65102334
2026-07-24 12:00:00+00:00,0.000264,65083.42,0.01718202288,0.005154606864,17.18202288
2026-07-25 12:00:00+00:00,0.000584,64064.01,0.03741338184,0.011224014552,37.41338184
2026-07-26 12:00:00+00:00,-0.000255,64507.36,0.0164493768,0.00493481304,16.44937680
2026-07-27 12:00:00+00:00,-0.000337,65100.79,0.02193896623,0.006581689869,21.93896623
2026-07-28 12:00:00+00:00,0.000955,63449.99,0.06059474045,0.018178422135,60.59474045
2026-07-29 12:00:00+00:00,-0.000613,64507.53,0.03954311589,0.011862934767,39.54311589
2026-07-30 12:00:00+00:00,-0.000160,64788.01,0.0103660816,0.00310982448,10.36608160
2026-08-01 12:00:00+00:00,0.000999,63076.0,0.063012924,0.0189038772,63.0129240
2026-08-03 12:00:00+00:00,0.000309,62560.01,0.01933104309,0.005799312927,19.33104309
